,acc1_x,acc1_y,acc1_z,gyro_x,gyro_y,gyro_z,acc2_x,acc2_y,acc2_z,label
3210,-23.0,-226.0,-7.0,-8.0,465.0,45.0,-75.0,-883.0,85.0,6
3211,-27.0,-236.0,-8.0,-15.0,438.0,26.0,-90.0,-909.0,90.0,6
3212,-25.0,-246.0,-16.0,-34.0,392.0,2.0,-103.0,-946.0,64.0,6
3213,-27.0,-257.0,-23.0,-63.0,347.0,-29.0,-114.0,-1005.0,29.0,6
3214,-21.0,-273.0,-36.0,-101.0,322.0,-74.0,-96.0,-1056.0,-9.0,6
3215,-27.0,-288.0,-43.0,-137.0,320.0,-131.0,-113.0,-1118.0,-46.0,6
3216,-34.0,-310.0,-48.0,-161.0,340.0,-206.0,-138.0,-1190.0,-61.0,6
3217,-46.0,-325.0,-43.0,-173.0,363.0,-288.0,-169.0,-1253.0,-50.0,6
3218,-57.0,-341.0,-38.0,-172.0,373.0,-370.0,-205.0,-1317.0,-32.0,6
3219,-63.0,-353.0,-35.0,-165.0,367.0,-448.0,-239.0,-1349.0,-29.0,6
3220,-65.0,-356.0,-36.0,-152.0,359.0,-514.0,-254.0,-1376.0,-16.0,6
3221,-66.0,-359.0,-35.0,-126.0,357.0,-577.0,-256.0,-1387.0,-22.0,6
3222,-65.0,-359.0,-39.0,-85.0,360.0,-630.0,-263.0,-1387.0,-30.0,6
3223,-66.0,-354.0,-39.0,-34.0,373.0,-669.0,-261.0,-1368.0,-41.0,6
3224,-71.0,-343.0,-42.0,19.0,386.0,-693.0,-268.0,-1335.0,-37.0,6
3225,-75.0,-329.0,-43.0,66.0,396.0,-701.0,-288.0,-1292.0,-37.0,6
3226,-76.0,-319.0,-40.0,101.0,389.0,-687.0,-290.0,-1226.0,-38.0,6
3227,-78.0,-305.0,-40.0,122.0,365.0,-658.0,-290.0,-1183.0,-31.0,6
3228,-75.0,-291.0,-39.0,130.0,333.0,-619.0,-285.0,-1136.0,-30.0,6
3229,-70.0,-283.0,-42.0,124.0,302.0,-576.0,-265.0,-1111.0,-29.0,6
3230,-67.0,-273.0,-40.0,108.0,270.0,-532.0,-239.0,-1076.0,-29.0,6
3231,-51.0,-270.0,-41.0,83.0,243.0,-493.0,-206.0,-1055.0,-35.0,6
3232,-48.0,-269.0,-43.0,52.0,222.0,-457.0,-194.0,-1046.0,-40.0,6
3233,-45.0,-271.0,-41.0,10.0,210.0,-427.0,-180.0,-1055.0,-40.0,6
3234,-43.0,-274.0,-37.0,-31.0,197.0,-402.0,-165.0,-1069.0,-28.0,6
3235,-38.0,-277.0,-32.0,-62.0,184.0,-377.0,-156.0,-1081.0,-1.0,6
3236,-40.0,-282.0,-24.0,-70.0,173.0,-351.0,-140.0,-1091.0,25.0,6
3237,-32.0,-287.0,-12.0,-58.0,168.0,-324.0,-128.0,-1103.0,63.0,6
3238,-21.0,-294.0,-1.0,-31.0,166.0,-294.0,-100.0,-1128.0,111.0,6
3239,-16.0,-304.0,19.0,8.0,159.0,-271.0,-62.0,-1174.0,162.0,6
3240,-9.0,-316.0,24.0,55.0,147.0,-260.0,-32.0,-1219.0,214.0,6
3241,-1.0,-344.0,31.0,117.0,127.0,-263.0,-10.0,-1305.0,251.0,6
3242,-5.0,-358.0,33.0,182.0,100.0,-284.0,-6.0,-1377.0,241.0,6
3243,-13.0,-378.0,14.0,232.0,67.0,-327.0,-29.0,-1450.0,188.0,6
3244,-27.0,-397.0,-17.0,253.0,39.0,-389.0,-90.0,-1534.0,84.0,6
3245,-45.0,-416.0,-44.0,231.0,14.0,-465.0,-160.0,-1619.0,-32.0,6
3246,-53.0,-432.0,-59.0,180.0,-3.0,-547.0,-200.0,-1679.0,-111.0,6
3247,-66.0,-437.0,-64.0,122.0,-8.0,-630.0,-262.0,-1696.0,-138.0,6
3248,-79.0,-421.0,-55.0,99.0,13.0,-691.0,-307.0,-1641.0,-103.0,6
3249,-88.0,-396.0,-43.0,127.0,47.0,-712.0,-336.0,-1522.0,-59.0,6
3250,-82.0,-366.0,-35.0,187.0,80.0,-698.0,-326.0,-1411.0,-1.0,6
3251,-71.0,-332.0,-16.0,249.0,109.0,-662.0,-288.0,-1300.0,37.0,6
3252,-64.0,-307.0,-18.0,284.0,126.0,-610.0,-242.0,-1187.0,50.0,6
3253,-53.0,-285.0,-16.0,274.0,129.0,-552.0,-192.0,-1113.0,68.0,6
3254,-41.0,-263.0,-9.0,233.0,113.0,-493.0,-141.0,-1033.0,88.0,6
3255,-28.0,-250.0,-2.0,175.0,82.0,-434.0,-101.0,-965.0,103.0,6
3256,-16.0,-237.0,0.0,109.0,43.0,-371.0,-61.0,-922.0,118.0,6
3257,-10.0,-222.0,3.0,51.0,4.0,-306.0,-25.0,-868.0,133.0,6
3258,0.0,-215.0,11.0,3.0,-29.0,-244.0,6.0,-838.0,136.0,6
3259,7.0,-213.0,12.0,-35.0,-51.0,-182.0,28.0,-824.0,145.0,6
3260,17.0,-209.0,12.0,-68.0,-61.0,-123.0,52.0,-824.0,148.0,6
3261,16.0,-214.0,6.0,-92.0,-61.0,-77.0,74.0,-837.0,155.0,6
3262,19.0,-226.0,5.0,-111.0,-62.0,-43.0,80.0,-868.0,152.0,6
3263,21.0,-241.0,8.0,-128.0,-60.0,-21.0,80.0,-934.0,146.0,6
3264,24.0,-253.0,10.0,-137.0,-55.0,-14.0,88.0,-983.0,146.0,6
3265,20.0,-266.0,6.0,-143.0,-46.0,-28.0,84.0,-1034.0,137.0,6
3266,20.0,-280.0,3.0,-138.0,-29.0,-51.0,77.0,-1090.0,127.0,6
3267,19.0,-290.0,-4.0,-130.0,-11.0,-73.0,68.0,-1128.0,102.0,6
3268,16.0,-300.0,-14.0,-121.0,13.0,-89.0,54.0,-1146.0,78.0,6
3269,11.0,-296.0,-17.0,-119.0,36.0,-101.0,47.0,-1166.0,55.0,6
3270,10.0,-302.0,-26.0,-125.0,67.0,-106.0,33.0,-1172.0,35.0,6
3271,8.0,-302.0,-27.0,-142.0,95.0,-103.0,21.0,-1172.0,21.0,6
3272,4.0,-302.0,-27.0,-161.0,118.0,-90.0,9.0,-1170.0,13.0,6
3273,-5.0,-300.0,-33.0,-175.0,143.0,-71.0,4.0,-1172.0,20.0,6
3274,-2.0,-303.0,-22.0,-191.0,163.0,-48.0,-3.0,-1172.0,30.0,6
3275,-3.0,-302.0,-20.0,-205.0,180.0,-21.0,-18.0,-1170.0,37.0,6
3276,-9.0,-299.0,-18.0,-217.0,196.0,5.0,-31.0,-1172.0,45.0,6
3277,-9.0,-299.0,-18.0,-228.0,207.0,27.0,-37.0,-1158.0,55.0,6
3278,-16.0,-295.0,-15.0,-232.0,216.0,55.0,-49.0,-1142.0,61.0,6
3279,-16.0,-291.0,-11.0,-229.0,224.0,79.0,-49.0,-1135.0,69.0,6
3280,-11.0,-287.0,-12.0,-219.0,229.0,99.0,-42.0,-1117.0,84.0,6
3281,-11.0,-283.0,-10.0,-203.0,235.0,113.0,-32.0,-1110.0,89.0,6
3282,-3.0,-285.0,-5.0,-182.0,246.0,125.0,-24.0,-1101.0,95.0,6
3283,-3.0,-277.0,-5.0,-159.0,259.0,129.0,-5.0,-1085.0,96.0,6
3284,2.0,-277.0,-6.0,-134.0,273.0,131.0,5.0,-1071.0,87.0,6
3285,8.0,-272.0,-7.0,-112.0,285.0,126.0,18.0,-1050.0,81.0,6
3286,3.0,-271.0,-8.0,-93.0,293.0,125.0,18.0,-1041.0,79.0,6
3287,3.0,-262.0,-10.0,-75.0,297.0,126.0,21.0,-1019.0,79.0,6
3288,1.0,-256.0,-13.0,-58.0,296.0,130.0,23.0,-999.0,75.0,6
3289,4.0,-254.0,-15.0,-46.0,294.0,133.0,16.0,-976.0,70.0,6
3290,5.0,-244.0,-17.0,-31.0,290.0,141.0,17.0,-950.0,71.0,6
3291,4.0,-241.0,-15.0,-19.0,283.0,151.0,13.0,-921.0,71.0,6
3292,-1.0,-229.0,-15.0,-10.0,272.0,164.0,-2.0,-895.0,73.0,6
3293,-7.0,-220.0,-11.0,-3.0,261.0,176.0,-12.0,-869.0,76.0,6
3294,-8.0,-216.0,-15.0,-1.0,248.0,192.0,-18.0,-850.0,83.0,6
3295,-10.0,-214.0,-10.0,1.0,232.0,207.0,-31.0,-835.0,86.0,6
3296,-11.0,-212.0,-9.0,1.0,215.0,219.0,-38.0,-819.0,94.0,6
3297,-13.0,-209.0,-8.0,3.0,201.0,228.0,-55.0,-809.0,95.0,6
3298,-18.0,-207.0,-9.0,-1.0,191.0,233.0,-71.0,-805.0,86.0,6
3299,-23.0,-205.0,-11.0,-19.0,180.0,230.0,-84.0,-805.0,85.0,6
3300,-24.0,-207.0,-8.0,-46.0,169.0,224.0,-96.0,-810.0,88.0,6
3301,-31.0,-207.0,-8.0,-79.0,161.0,210.0,-110.0,-822.0,85.0,6
3302,-30.0,-210.0,-5.0,-114.0,153.0,194.0,-121.0,-831.0,95.0,6
3303,-34.0,-218.0,-8.0,-147.0,148.0,171.0,-128.0,-841.0,100.0,6
3304,-38.0,-222.0,-5.0,-179.0,144.0,146.0,-140.0,-856.0,99.0,6
3305,-41.0,-219.0,-9.0,-203.0,140.0,119.0,-147.0,-865.0,103.0,6
3306,-37.0,-227.0,-4.0,-228.0,134.0,93.0,-150.0,-874.0,106.0,6
3307,-36.0,-226.0,-1.0,-249.0,128.0,66.0,-151.0,-877.0,114.0,6
3308,-35.0,-229.0,-1.0,-263.0,121.0,42.0,-150.0,-877.0,116.0,6
3309,-38.0,-227.0,1.0,-270.0,115.0,18.0,-150.0,-875.0,119.0,6
3310,-36.0,-224.0,4.0,-274.0,107.0,-1.0,-140.0,-867.0,127.0,6
3311,-33.0,-221.0,6.0,-268.0,100.0,-20.0,-131.0,-863.0,126.0,6
3312,-30.0,-221.0,8.0,-266.0,98.0,-35.0,-125.0,-851.0,136.0,6
3313,-25.0,-215.0,7.0,-260.0,98.0,-50.0,-109.0,-840.0,135.0,6
3314,-21.0,-215.0,9.0,-256.0,98.0,-63.0,-91.0,-829.0,147.0,6
3315,-21.0,-210.0,7.0,-253.0,102.0,-76.0,-83.0,-810.0,157.0,6
3316,-14.0,-214.0,11.0,-250.0,106.0,-90.0,-72.0,-805.0,169.0,6
3317,-14.0,-205.0,14.0,-246.0,110.0,-105.0,-53.0,-795.0,174.0,6
3318,-13.0,-205.0,17.0,-241.0,113.0,-121.0,-47.0,-796.0,181.0,6
3319,-9.0,-204.0,16.0,-232.0,116.0,-138.0,-28.0,-792.0,188.0,6
3320,-9.0,-204.0,18.0,-221.0,116.0,-155.0,-25.0,-796.0,195.0,6
3321,-5.0,-207.0,17.0,-214.0,118.0,-176.0,-14.0,-805.0,196.0,6
3322,0.0,-210.0,17.0,-211.0,117.0,-198.0,-3.0,-815.0,200.0,6
3323,0.0,-209.0,19.0,-213.0,117.0,-223.0,5.0,-822.0,206.0,6
3324,2.0,-215.0,23.0,-211.0,118.0,-249.0,10.0,-832.0,207.0,6
3325,3.0,-217.0,23.0,-206.0,126.0,-278.0,15.0,-840.0,207.0,6
3326,9.0,-218.0,18.0,-196.0,139.0,-304.0,28.0,-845.0,210.0,6
3327,12.0,-212.0,19.0,-184.0,157.0,-331.0,34.0,-852.0,209.0,6
3328,14.0,-222.0,23.0,-166.0,178.0,-358.0,46.0,-849.0,203.0,6
3329,14.0,-221.0,20.0,-153.0,202.0,-385.0,53.0,-854.0,205.0,6
3330,17.0,-217.0,20.0,-143.0,226.0,-409.0,62.0,-853.0,200.0,6
3331,19.0,-220.0,20.0,-136.0,250.0,-432.0,65.0,-845.0,198.0,6
3332,20.0,-216.0,23.0,-132.0,276.0,-455.0,68.0,-836.0,198.0,6
3333,18.0,-212.0,19.0,-135.0,300.0,-475.0,76.0,-824.0,196.0,6
3334,18.0,-208.0,19.0,-143.0,323.0,-495.0,67.0,-812.0,196.0,6
3335,18.0,-206.0,22.0,-153.0,347.0,-515.0,66.0,-796.0,197.0,6
3336,16.0,-200.0,17.0,-163.0,372.0,-532.0,60.0,-786.0,193.0,6
3337,15.0,-202.0,17.0,-175.0,401.0,-547.0,44.0,-774.0,188.0,6
3338,8.0,-197.0,15.0,-185.0,430.0,-560.0,29.0,-762.0,183.0,6
3339,4.0,-193.0,13.0,-200.0,462.0,-571.0,18.0,-748.0,176.0,6
3340,4.0,-192.0,13.0,-220.0,490.0,-578.0,5.0,-738.0,157.0,6
3341,1.0,-188.0,4.0,-251.0,512.0,-582.0,3.0,-736.0,146.0,6
3342,2.0,-187.0,4.0,-289.0,531.0,-580.0,3.0,-731.0,134.0,6
3343,4.0,-189.0,3.0,-335.0,549.0,-575.0,17.0,-736.0,121.0,6
3344,5.0,-193.0,-3.0,-375.0,569.0,-568.0,13.0,-745.0,121.0,6
3345,10.0,-197.0,6.0,-402.0,595.0,-558.0,26.0,-768.0,131.0,6
3346,6.0,-205.0,10.0,-410.0,618.0,-550.0,27.0,-791.0,147.0,6
3347,5.0,-215.0,10.0,-396.0,639.0,-539.0,31.0,-832.0,176.0,6
3348,7.0,-225.0,22.0,-359.0,654.0,-533.0,26.0,-870.0,204.0,6
3349,0.0,-237.0,23.0,-305.0,659.0,-527.0,20.0,-912.0,213.0,6
3350,3.0,-243.0,24.0,-245.0,658.0,-521.0,12.0,-941.0,220.0,6
3351,-2.0,-252.0,23.0,-177.0,653.0,-513.0,-3.0,-960.0,201.0,6
3352,-9.0,-257.0,17.0,-104.0,648.0,-503.0,-21.0,-976.0,182.0,6
3353,-15.0,-256.0,11.0,-32.0,635.0,-490.0,-52.0,-982.0,157.0,6
3354,-22.0,-252.0,3.0,29.0,611.0,-470.0,-82.0,-966.0,135.0,6
3355,-28.0,-247.0,-4.0,72.0,578.0,-445.0,-104.0,-954.0,99.0,6
3356,-31.0,-239.0,-12.0,87.0,537.0,-414.0,-115.0,-933.0,79.0,6
3357,-34.0,-232.0,-15.0,84.0,493.0,-381.0,-123.0,-905.0,64.0,6
3358,-33.0,-227.0,-16.0,65.0,447.0,-348.0,-127.0,-880.0,55.0,6
3359,-37.0,-220.0,-19.0,44.0,405.0,-315.0,-136.0,-856.0,41.0,6
3360,-38.0,-216.0,-22.0,22.0,366.0,-286.0,-141.0,-836.0,34.0,6
3361,-38.0,-212.0,-25.0,2.0,326.0,-260.0,-156.0,-819.0,37.0,6
3362,-42.0,-210.0,-20.0,-13.0,284.0,-240.0,-162.0,-808.0,44.0,6
3363,-44.0,-203.0,-17.0,-26.0,242.0,-222.0,-165.0,-797.0,60.0,6
3364,-47.0,-201.0,-10.0,-32.0,199.0,-206.0,-170.0,-776.0,83.0,6
3365,-47.0,-199.0,-5.0,-29.0,154.0,-191.0,-175.0,-770.0,107.0,6
3366,-51.0,-196.0,5.0,-18.0,111.0,-182.0,-190.0,-760.0,130.0,6
3367,-51.0,-195.0,10.0,5.0,68.0,-171.0,-190.0,-755.0,153.0,6
3368,-46.0,-199.0,9.0,28.0,33.0,-160.0,-178.0,-766.0,160.0,6
3369,-45.0,-205.0,14.0,60.0,16.0,-158.0,-177.0,-785.0,162.0,6
3370,-42.0,-205.0,9.0,93.0,17.0,-156.0,-165.0,-795.0,149.0,6
3371,-45.0,-207.0,-5.0,123.0,24.0,-152.0,-165.0,-813.0,118.0,6
3372,-48.0,-221.0,-13.0,139.0,33.0,-147.0,-184.0,-849.0,90.0,6
3373,-47.0,-238.0,-20.0,138.0,24.0,-132.0,-173.0,-903.0,55.0,6
3374,-48.0,-245.0,-31.0,127.0,-14.0,-113.0,-171.0,-953.0,20.0,6
3375,-41.0,-259.0,-41.0,97.0,-79.0,-84.0,-157.0,-1002.0,-45.0,6
3376,-36.0,-278.0,-58.0,46.0,-153.0,-44.0,-132.0,-1079.0,-110.0,6
3377,-27.0,-301.0,-68.0,-25.0,-221.0,4.0,-115.0,-1161.0,-150.0,6
3378,-32.0,-323.0,-69.0,-97.0,-287.0,54.0,-118.0,-1249.0,-167.0,6
3379,-38.0,-349.0,-69.0,-154.0,-361.0,109.0,-133.0,-1334.0,-174.0,6
3380,-47.0,-371.0,-70.0,-195.0,-443.0,165.0,-168.0,-1414.0,-168.0,6
3381,-58.0,-388.0,-66.0,-219.0,-534.0,231.0,-206.0,-1479.0,-171.0,6
3382,-66.0,-399.0,-70.0,-222.0,-630.0,298.0,-244.0,-1529.0,-179.0,6
3383,-74.0,-407.0,-79.0,-205.0,-733.0,372.0,-264.0,-1564.0,-197.0,6
3384,-72.0,-413.0,-90.0,-167.0,-829.0,449.0,-262.0,-1598.0,-228.0,6
3385,-63.0,-418.0,-93.0,-126.0,-901.0,528.0,-247.0,-1618.0,-268.0,6
3386,-51.0,-416.0,-97.0,-87.0,-942.0,600.0,-206.0,-1610.0,-267.0,6
3387,-39.0,-404.0,-90.0,-49.0,-951.0,655.0,-152.0,-1555.0,-250.0,6
3388,-15.0,-396.0,-87.0,-25.0,-939.0,686.0,-67.0,-1530.0,-214.0,6
3389,0.0,-382.0,-70.0,-29.0,-916.0,687.0,-5.0,-1467.0,-155.0,6
3390,12.0,-370.0,-50.0,-37.0,-879.0,660.0,34.0,-1428.0,-96.0,6
3391,21.0,-359.0,-41.0,-39.0,-824.0,616.0,73.0,-1387.0,-39.0,6
3392,25.0,-349.0,-31.0,-25.0,-771.0,565.0,95.0,-1361.0,3.0,6
3393,34.0,-351.0,-27.0,8.0,-730.0,511.0,117.0,-1353.0,17.0,6
3394,41.0,-353.0,-28.0,47.0,-699.0,464.0,140.0,-1366.0,-3.0,6
3395,46.0,-356.0,-44.0,83.0,-667.0,432.0,163.0,-1389.0,-56.0,6
3396,51.0,-371.0,-61.0,107.0,-635.0,417.0,185.0,-1421.0,-129.0,6
3397,58.0,-376.0,-72.0,106.0,-609.0,422.0,224.0,-1459.0,-195.0,6
3398,75.0,-387.0,-93.0,83.0,-588.0,445.0,283.0,-1495.0,-249.0,6
3399,94.0,-399.0,-91.0,43.0,-559.0,479.0,349.0,-1539.0,-264.0,6
3400,110.0,-399.0,-83.0,8.0,-507.0,513.0,406.0,-1547.0,-222.0,6
3401,118.0,-400.0,-63.0,6.0,-433.0,536.0,437.0,-1541.0,-146.0,6
3402,123.0,-396.0,-45.0,39.0,-359.0,546.0,446.0,-1526.0,-46.0,6
3403,117.0,-382.0,-19.0,104.0,-293.0,536.0,451.0,-1491.0,38.0,6
3404,118.0,-381.0,-1.0,190.0,-237.0,513.0,443.0,-1446.0,108.0,6
3405,112.0,-364.0,15.0,278.0,-190.0,475.0,423.0,-1401.0,156.0,6
3406,99.0,-348.0,16.0,363.0,-155.0,433.0,388.0,-1350.0,180.0,6
3407,89.0,-336.0,16.0,428.0,-133.0,392.0,341.0,-1296.0,174.0,6
3408,73.0,-322.0,3.0,463.0,-116.0,350.0,281.0,-1248.0,141.0,6
3409,55.0,-313.0,-7.0,459.0,-90.0,313.0,213.0,-1214.0,93.0,6
3410,41.0,-304.0,-14.0,417.0,-52.0,283.0,166.0,-1187.0,54.0,6
3411,30.0,-298.0,-27.0,365.0,-5.0,258.0,113.0,-1166.0,22.0,6
3412,16.0,-292.0,-31.0,284.0,40.0,240.0,58.0,-1151.0,6.0,6
3413,10.0,-290.0,-35.0,193.0,82.0,229.0,22.0,-1149.0,-5.0,6
3414,-1.0,-292.0,-33.0,106.0,117.0,222.0,-3.0,-1147.0,-6.0,6
3415,-5.0,-294.0,-32.0,34.0,142.0,213.0,-23.0,-1146.0,2.0,6
3416,-10.0,-292.0,-30.0,-24.0,155.0,205.0,-37.0,-1136.0,7.0,6
3417,-16.0,-287.0,-30.0,-72.0,154.0,197.0,-53.0,-1127.0,14.0,6
3418,-18.0,-286.0,-26.0,-109.0,145.0,190.0,-75.0,-1120.0,32.0,6
3419,-17.0,-287.0,-20.0,-135.0,132.0,185.0,-74.0,-1104.0,44.0,6
3420,-17.0,-284.0,-19.0,-143.0,115.0,182.0,-83.0,-1103.0,70.0,6
3421,-23.0,-283.0,-14.0,-136.0,93.0,175.0,-96.0,-1093.0,77.0,6
3422,-26.0,-279.0,-9.0,-118.0,69.0,165.0,-98.0,-1080.0,82.0,6
3423,-28.0,-274.0,-13.0,-98.0,41.0,152.0,-105.0,-1073.0,72.0,6
3424,-28.0,-272.0,-12.0,-84.0,15.0,140.0,-103.0,-1062.0,58.0,6
3425,-22.0,-269.0,-21.0,-78.0,-11.0,126.0,-92.0,-1044.0,43.0,6
3426,-16.0,-263.0,-27.0,-82.0,-36.0,107.0,-78.0,-1030.0,21.0,6
3427,-14.0,-259.0,-31.0,-94.0,-55.0,89.0,-52.0,-1011.0,1.0,6
3428,-10.0,-257.0,-37.0,-113.0,-64.0,69.0,-40.0,-1005.0,-22.0,6
3429,-10.0,-256.0,-44.0,-140.0,-68.0,51.0,-34.0,-997.0,-51.0,6
3430,-6.0,-255.0,-43.0,-173.0,-69.0,30.0,-24.0,-994.0,-64.0,6
3431,-4.0,-250.0,-49.0,-208.0,-71.0,10.0,-12.0,-983.0,-67.0,6
3432,3.0,-257.0,-45.0,-243.0,-77.0,-9.0,-2.0,-987.0,-73.0,6
3433,0.0,-254.0,-46.0,-275.0,-88.0,-33.0,13.0,-991.0,-66.0,6
3434,0.0,-252.0,-47.0,-297.0,-101.0,-56.0,10.0,-999.0,-53.0,6
3435,3.0,-257.0,-43.0,-311.0,-120.0,-75.0,12.0,-1003.0,-40.0,6
3436,1.0,-260.0,-41.0,-318.0,-143.0,-92.0,10.0,-1007.0,-23.0,6
3437,0.0,-261.0,-34.0,-313.0,-169.0,-102.0,6.0,-1013.0,-9.0,6
3438,-4.0,-262.0,-33.0,-306.0,-192.0,-104.0,-3.0,-1016.0,-5.0,6
3439,0.0,-262.0,-21.0,-292.0,-214.0,-103.0,-1.0,-1022.0,12.0,6
3440,2.0,-265.0,-23.0,-271.0,-236.0,-98.0,0.0,-1023.0,21.0,6
3441,3.0,-266.0,-23.0,-244.0,-254.0,-89.0,5.0,-1021.0,33.0,6
3442,1.0,-262.0,-22.0,-214.0,-269.0,-76.0,10.0,-1017.0,34.0,6
3443,2.0,-258.0,-24.0,-183.0,-284.0,-61.0,18.0,-1005.0,34.0,6
3444,7.0,-257.0,-27.0,-160.0,-299.0,-48.0,25.0,-997.0,25.0,6
3445,9.0,-248.0,-20.0,-143.0,-317.0,-32.0,32.0,-974.0,30.0,6
3446,11.0,-246.0,-26.0,-133.0,-334.0,-19.0,42.0,-961.0,26.0,6
3447,13.0,-240.0,-25.0,-129.0,-351.0,-8.0,56.0,-943.0,18.0,6
3448,20.0,-236.0,-24.0,-132.0,-364.0,1.0,71.0,-931.0,22.0,6
3449,21.0,-233.0,-30.0,-141.0,-369.0,8.0,75.0,-912.0,19.0,6
3450,25.0,-234.0,-26.0,-156.0,-369.0,11.0,87.0,-908.0,23.0,6
3451,23.0,-228.0,-24.0,-173.0,-363.0,14.0,92.0,-894.0,27.0,6
3452,21.0,-227.0,-28.0,-188.0,-353.0,15.0,94.0,-888.0,34.0,6
3453,22.0,-227.0,-21.0,-202.0,-339.0,15.0,87.0,-886.0,36.0,6
3454,23.0,-230.0,-26.0,-216.0,-324.0,19.0,90.0,-893.0,31.0,6
3455,21.0,-235.0,-22.0,-233.0,-311.0,22.0,82.0,-895.0,36.0,6
3456,22.0,-232.0,-20.0,-243.0,-299.0,26.0,83.0,-915.0,31.0,6
3457,20.0,-237.0,-23.0,-251.0,-286.0,31.0,78.0,-922.0,33.0,6
3458,21.0,-238.0,-26.0,-252.0,-271.0,37.0,77.0,-928.0,40.0,6
3459,22.0,-242.0,-25.0,-246.0,-256.0,44.0,75.0,-932.0,31.0,6
3460,22.0,-241.0,-21.0,-235.0,-240.0,52.0,78.0,-933.0,32.0,6
3461,21.0,-241.0,-26.0,-223.0,-225.0,63.0,73.0,-941.0,31.0,6
3462,21.0,-244.0,-23.0,-209.0,-210.0,70.0,78.0,-942.0,28.0,6
3463,21.0,-244.0,-24.0,-196.0,-196.0,75.0,78.0,-946.0,27.0,6
3464,22.0,-243.0,-17.0,-183.0,-184.0,82.0,86.0,-941.0,37.0,6
3465,23.0,-243.0,-21.0,-168.0,-171.0,89.0,84.0,-946.0,33.0,6
3466,22.0,-243.0,-19.0,-152.0,-156.0,94.0,89.0,-939.0,42.0,6
3467,27.0,-249.0,-9.0,-137.0,-143.0,99.0,87.0,-941.0,47.0,6
3468,16.0,-241.0,-19.0,-121.0,-130.0,102.0,82.0,-945.0,52.0,6
3469,23.0,-246.0,-15.0,-102.0,-116.0,104.0,81.0,-942.0,64.0,6
3470,19.0,-246.0,-14.0,-79.0,-106.0,107.0,74.0,-949.0,71.0,6
3471,15.0,-246.0,-12.0,-57.0,-100.0,109.0,66.0,-944.0,67.0,6
3472,15.0,-243.0,-12.0,-35.0,-97.0,113.0,58.0,-940.0,67.0,6
3473,14.0,-243.0,-16.0,-18.0,-98.0,116.0,45.0,-937.0,62.0,6
3474,10.0,-245.0,-16.0,-4.0,-98.0,119.0,33.0,-924.0,56.0,6
3475,6.0,-237.0,-19.0,3.0,-99.0,125.0,28.0,-928.0,49.0,6
3476,2.0,-232.0,-20.0,5.0,-100.0,130.0,20.0,-905.0,53.0,6
3477,6.0,-233.0,-21.0,2.0,-99.0,136.0,16.0,-898.0,44.0,6
3478,5.0,-232.0,-17.0,-4.0,-96.0,142.0,1.0,-884.0,51.0,6
3479,0.0,-228.0,-15.0,-12.0,-95.0,148.0,-6.0,-881.0,57.0,6
3480,-3.0,-228.0,-14.0,-16.0,-94.0,158.0,-12.0,-881.0,67.0,6
3481,-4.0,-229.0,-11.0,-18.0,-95.0,169.0,-18.0,-880.0,73.0,6
3482,-7.0,-229.0,-7.0,-12.0,-99.0,183.0,-24.0,-881.0,90.0,6
3483,-8.0,-231.0,-9.0,-6.0,-103.0,198.0,-28.0,-885.0,99.0,6
3484,-11.0,-232.0,0.0,6.0,-106.0,216.0,-36.0,-893.0,116.0,6
3485,-11.0,-234.0,4.0,22.0,-102.0,236.0,-37.0,-897.0,138.0,6
3486,-9.0,-237.0,10.0,43.0,-90.0,254.0,-35.0,-910.0,151.0,6
3487,-9.0,-238.0,15.0,71.0,-75.0,274.0,-33.0,-928.0,175.0,6
3488,-10.0,-243.0,18.0,106.0,-55.0,296.0,-37.0,-936.0,192.0,6
3489,-4.0,-243.0,28.0,147.0,-37.0,317.0,-32.0,-951.0,215.0,6
3490,-9.0,-249.0,26.0,196.0,-23.0,335.0,-25.0,-957.0,226.0,6
3491,-6.0,-252.0,32.0,247.0,-9.0,354.0,-27.0,-976.0,222.0,6
3492,-9.0,-253.0,29.0,296.0,3.0,372.0,-24.0,-982.0,226.0,6
3493,-2.0,-254.0,26.0,342.0,11.0,393.0,-14.0,-983.0,220.0,6
3494,-2.0,-253.0,21.0,383.0,14.0,414.0,-9.0,-979.0,205.0,6
3495,1.0,-252.0,17.0,418.0,14.0,437.0,8.0,-973.0,188.0,6
3496,-1.0,-246.0,11.0,443.0,12.0,459.0,12.0,-960.0,161.0,6
3497,1.0,-242.0,2.0,455.0,9.0,481.0,20.0,-945.0,137.0,6
3498,4.0,-239.0,0.0,449.0,4.0,502.0,22.0,-928.0,108.0,6
3499,4.0,-230.0,-6.0,430.0,-1.0,517.0,20.0,-900.0,88.0,6
3500,6.0,-221.0,-18.0,398.0,-3.0,529.0,22.0,-871.0,70.0,6
3501,5.0,-218.0,-19.0,361.0,-1.0,537.0,18.0,-842.0,55.0,6
3502,1.0,-210.0,-22.0,312.0,1.0,540.0,11.0,-825.0,44.0,6
3503,5.0,-205.0,-22.0,258.0,-3.0,539.0,20.0,-808.0,43.0,6
3504,5.0,-199.0,-23.0,200.0,-9.0,532.0,23.0,-780.0,43.0,6
3505,2.0,-197.0,-20.0,140.0,-9.0,520.0,8.0,-760.0,49.0,6
3506,-1.0,-192.0,-15.0,83.0,-2.0,505.0,-5.0,-742.0,59.0,6
3507,-2.0,-187.0,-13.0,29.0,4.0,490.0,-10.0,-731.0,67.0,6
3508,-2.0,-183.0,-13.0,-25.0,18.0,472.0,-11.0,-709.0,73.0,6
3509,-1.0,-179.0,-13.0,-80.0,38.0,451.0,-12.0,-701.0,77.0,6
3510,-1.0,-184.0,-14.0,-135.0,67.0,426.0,-20.0,-692.0,78.0,6
3511,-7.0,-173.0,-11.0,-190.0,98.0,397.0,-27.0,-682.0,79.0,6
3512,-10.0,-174.0,-10.0,-253.0,131.0,365.0,-36.0,-674.0,87.0,6
3513,-9.0,-173.0,-6.0,-320.0,160.0,330.0,-51.0,-671.0,96.0,6
3514,-15.0,-175.0,-5.0,-390.0,183.0,298.0,-62.0,-683.0,115.0,6
3515,-19.0,-177.0,4.0,-458.0,204.0,271.0,-80.0,-688.0,124.0,6
3516,-24.0,-183.0,10.0,-508.0,228.0,252.0,-91.0,-701.0,148.0,6
3517,-27.0,-193.0,14.0,-546.0,252.0,238.0,-116.0,-739.0,169.0,6
3518,-28.0,-204.0,19.0,-562.0,279.0,230.0,-125.0,-776.0,192.0,6
3519,-34.0,-214.0,28.0,-558.0,306.0,229.0,-134.0,-823.0,215.0,6
3520,-37.0,-227.0,28.0,-535.0,333.0,231.0,-140.0,-874.0,234.0,6
3521,-36.0,-241.0,33.0,-501.0,354.0,241.0,-150.0,-928.0,241.0,6
3522,-37.0,-252.0,29.0,-455.0,365.0,250.0,-146.0,-967.0,232.0,6
3523,-31.0,-258.0,22.0,-402.0,373.0,260.0,-129.0,-1001.0,208.0,6
3524,-26.0,-268.0,10.0,-356.0,378.0,267.0,-101.0,-1027.0,152.0,6
3525,-18.0,-273.0,-6.0,-320.0,379.0,268.0,-86.0,-1060.0,99.0,6
3526,-18.0,-273.0,-14.0,-302.0,379.0,265.0,-59.0,-1059.0,56.0,6
3527,-12.0,-273.0,-27.0,-297.0,376.0,254.0,-47.0,-1069.0,12.0,6
3528,-10.0,-272.0,-33.0,-303.0,374.0,239.0,-43.0,-1053.0,-11.0,6
3529,-11.0,-267.0,-33.0,-304.0,373.0,219.0,-36.0,-1042.0,-22.0,6
3530,-14.0,-269.0,-37.0,-303.0,376.0,200.0,-47.0,-1041.0,-22.0,6
3531,-16.0,-267.0,-38.0,-302.0,375.0,182.0,-76.0,-1041.0,-20.0,6
3532,-23.0,-268.0,-31.0,-300.0,371.0,170.0,-92.0,-1042.0,-2.0,6
3533,-27.0,-271.0,-24.0,-289.0,368.0,161.0,-116.0,-1036.0,23.0,6
3534,-32.0,-271.0,-21.0,-275.0,366.0,158.0,-132.0,-1045.0,35.0,6
3535,-38.0,-269.0,-17.0,-255.0,363.0,156.0,-149.0,-1047.0,61.0,6
3536,-39.0,-269.0,-15.0,-235.0,356.0,152.0,-155.0,-1046.0,75.0,6
3537,-39.0,-267.0,-9.0,-212.0,345.0,148.0,-155.0,-1049.0,90.0,6
3538,-41.0,-270.0,-4.0,-192.0,332.0,142.0,-156.0,-1040.0,95.0,6
3539,-43.0,-264.0,-2.0,-170.0,316.0,135.0,-157.0,-1034.0,112.0,6
3540,-40.0,-265.0,-2.0,-148.0,296.0,129.0,-155.0,-1029.0,117.0,6
3541,-44.0,-261.0,-1.0,-124.0,275.0,121.0,-155.0,-1021.0,120.0,6
3542,-40.0,-263.0,6.0,-94.0,256.0,113.0,-154.0,-1019.0,131.0,6
3543,-34.0,-258.0,7.0,-61.0,239.0,104.0,-148.0,-1006.0,141.0,6
3544,-39.0,-261.0,8.0,-30.0,225.0,93.0,-148.0,-1006.0,146.0,6
3545,-39.0,-261.0,12.0,10.0,215.0,78.0,-154.0,-999.0,152.0,6
3546,-34.0,-256.0,12.0,57.0,203.0,66.0,-138.0,-993.0,150.0,6
3547,-29.0,-256.0,3.0,100.0,199.0,45.0,-126.0,-984.0,140.0,6
3548,-24.0,-251.0,-3.0,129.0,210.0,19.0,-103.0,-975.0,131.0,6
3549,-25.0,-251.0,2.0,147.0,230.0,-14.0,-112.0,-964.0,139.0,6
3550,-33.0,-252.0,11.0,163.0,237.0,-46.0,-132.0,-976.0,158.0,6
3551,-38.0,-259.0,16.0,184.0,219.0,-75.0,-150.0,-986.0,174.0,6
3552,-41.0,-263.0,17.0,213.0,169.0,-102.0,-157.0,-1012.0,187.0,6
3553,-33.0,-274.0,16.0,245.0,109.0,-129.0,-129.0,-1051.0,172.0,6
3554,-28.0,-279.0,0.0,278.0,65.0,-166.0,-104.0,-1092.0,146.0,6
3555,-21.0,-293.0,-9.0,305.0,59.0,-209.0,-84.0,-1127.0,85.0,6
3556,-20.0,-298.0,-32.0,319.0,87.0,-280.0,-89.0,-1158.0,8.0,6
3557,-27.0,-309.0,-50.0,316.0,133.0,-368.0,-106.0,-1197.0,-73.0,6
3558,-35.0,-317.0,-64.0,293.0,165.0,-473.0,-139.0,-1226.0,-129.0,6
3559,-47.0,-320.0,-70.0,247.0,152.0,-579.0,-170.0,-1236.0,-168.0,6
3560,-58.0,-320.0,-71.0,184.0,107.0,-669.0,-217.0,-1238.0,-171.0,6
3561,-68.0,-316.0,-71.0,122.0,56.0,-742.0,-258.0,-1213.0,-169.0,6
3562,-69.0,-310.0,-74.0,84.0,12.0,-787.0,-284.0,-1189.0,-173.0,6
3563,-76.0,-305.0,-75.0,74.0,-1.0,-812.0,-311.0,-1164.0,-185.0,6
3564,-83.0,-299.0,-80.0,74.0,11.0,-815.0,-337.0,-1152.0,-193.0,6
3565,-95.0,-288.0,-72.0,62.0,24.0,-800.0,-361.0,-1126.0,-176.0,6
3566,-100.0,-284.0,-68.0,40.0,10.0,-771.0,-382.0,-1114.0,-147.0,6
3567,-100.0,-282.0,-57.0,11.0,-30.0,-726.0,-382.0,-1101.0,-107.0,6
3568,-98.0,-284.0,-50.0,-5.0,-96.0,-672.0,-370.0,-1104.0,-72.0,6
3569,-93.0,-286.0,-39.0,0.0,-170.0,-610.0,-341.0,-1100.0,-32.0,6
3570,-83.0,-288.0,-34.0,29.0,-241.0,-545.0,-317.0,-1103.0,-18.0,6
3571,-80.0,-285.0,-35.0,71.0,-311.0,-482.0,-292.0,-1113.0,-14.0,6
3572,-75.0,-287.0,-42.0,110.0,-375.0,-425.0,-273.0,-1118.0,-35.0,6
3573,-65.0,-293.0,-53.0,137.0,-433.0,-372.0,-259.0,-1128.0,-69.0,6
3574,-64.0,-297.0,-61.0,147.0,-485.0,-323.0,-252.0,-1141.0,-116.0,6
3575,-64.0,-297.0,-72.0,135.0,-532.0,-278.0,-244.0,-1145.0,-167.0,6
3576,-56.0,-299.0,-84.0,107.0,-571.0,-238.0,-216.0,-1155.0,-208.0,6
3577,-50.0,-299.0,-87.0,70.0,-600.0,-202.0,-200.0,-1164.0,-239.0,6
3578,-43.0,-304.0,-95.0,37.0,-615.0,-169.0,-180.0,-1175.0,-259.0,6
3579,-36.0,-308.0,-96.0,9.0,-626.0,-136.0,-155.0,-1186.0,-263.0,6
3580,-32.0,-310.0,-91.0,-16.0,-643.0,-101.0,-129.0,-1188.0,-249.0,6
3581,-25.0,-311.0,-80.0,-38.0,-655.0,-69.0,-109.0,-1196.0,-219.0,6
3582,-15.0,-311.0,-66.0,-44.0,-664.0,-38.0,-79.0,-1190.0,-163.0,6
3583,-11.0,-309.0,-53.0,-29.0,-665.0,-16.0,-49.0,-1184.0,-111.0,6
3584,-10.0,-306.0,-46.0,11.0,-662.0,-2.0,-29.0,-1169.0,-69.0,6
3585,-6.0,-300.0,-41.0,61.0,-661.0,8.0,-21.0,-1155.0,-54.0,6
3586,-2.0,-290.0,-46.0,103.0,-660.0,16.0,-15.0,-1136.0,-51.0,6
3587,1.0,-279.0,-42.0,130.0,-655.0,16.0,0.0,-1103.0,-48.0,6
3588,1.0,-272.0,-45.0,141.0,-637.0,11.0,-3.0,-1065.0,-56.0,6
3589,1.0,-264.0,-43.0,134.0,-603.0,12.0,0.0,-1021.0,-48.0,6
3590,5.0,-255.0,-37.0,118.0,-563.0,14.0,15.0,-1000.0,-25.0,6
3591,11.0,-255.0,-29.0,94.0,-516.0,20.0,32.0,-981.0,2.0,6
3592,22.0,-259.0,-19.0,74.0,-466.0,21.0,64.0,-998.0,47.0,6
3593,31.0,-272.0,-7.0,57.0,-410.0,13.0,97.0,-1032.0,85.0,6
3594,36.0,-288.0,-7.0,41.0,-340.0,-10.0,127.0,-1135.0,97.0,6
3595,37.0,-318.0,-4.0,17.0,-259.0,-58.0,132.0,-1232.0,91.0,6
3596,33.0,-345.0,-17.0,-25.0,-176.0,-132.0,112.0,-1354.0,59.0,6
3597,18.0,-369.0,-29.0,-96.0,-100.0,-221.0,80.0,-1438.0,10.0,6
3598,12.0,-386.0,-44.0,-186.0,-43.0,-306.0,31.0,-1509.0,-51.0,6
3599,0.0,-399.0,-52.0,-264.0,-6.0,-374.0,-4.0,-1548.0,-81.0,6
3600,-7.0,-404.0,-52.0,-301.0,15.0,-411.0,-38.0,-1546.0,-90.0,6
3601,-13.0,-395.0,-49.0,-274.0,44.0,-407.0,-52.0,-1516.0,-70.0,6
3602,-11.0,-380.0,-38.0,-180.0,96.0,-371.0,-50.0,-1454.0,-18.0,6
3603,-13.0,-361.0,-26.0,-46.0,157.0,-313.0,-48.0,-1388.0,25.0,6
3604,-15.0,-334.0,-17.0,96.0,197.0,-247.0,-54.0,-1296.0,61.0,6
3605,-15.0,-310.0,-11.0,211.0,217.0,-177.0,-49.0,-1186.0,74.0,6
3606,-12.0,-279.0,-9.0,280.0,215.0,-109.0,-50.0,-1090.0,80.0,6
3607,-16.0,-254.0,-17.0,301.0,194.0,-48.0,-50.0,-990.0,77.0,6
3608,-16.0,-230.0,-11.0,270.0,158.0,9.0,-59.0,-920.0,76.0,6
3609,-16.0,-217.0,-13.0,207.0,112.0,61.0,-64.0,-855.0,76.0,6
3610,-22.0,-206.0,-11.0,125.0,67.0,107.0,-88.0,-816.0,86.0,6
3611,-27.0,-201.0,-2.0,44.0,28.0,150.0,-103.0,-802.0,100.0,6
3612,-31.0,-206.0,-1.0,-23.0,-1.0,188.0,-118.0,-805.0,112.0,6
3613,-36.0,-214.0,-3.0,-77.0,-24.0,218.0,-135.0,-829.0,115.0,6
3614,-36.0,-225.0,-2.0,-119.0,-41.0,234.0,-146.0,-870.0,118.0,6
3615,-39.0,-239.0,-1.0,-156.0,-53.0,239.0,-158.0,-924.0,124.0,6
3616,-39.0,-251.0,7.0,-190.0,-66.0,227.0,-156.0,-973.0,126.0,6
3617,-41.0,-261.0,5.0,-220.0,-77.0,203.0,-149.0,-1017.0,132.0,6
3618,-40.0,-268.0,8.0,-241.0,-83.0,174.0,-149.0,-1043.0,141.0,6
3619,-34.0,-273.0,4.0,-246.0,-86.0,143.0,-144.0,-1065.0,135.0,6
3620,-34.0,-279.0,6.0,-230.0,-78.0,114.0,-143.0,-1076.0,135.0,6
3621,-36.0,-273.0,6.0,-197.0,-67.0,89.0,-139.0,-1065.0,138.0,6
3622,-35.0,-270.0,9.0,-153.0,-53.0,69.0,-138.0,-1042.0,131.0,6
3623,-33.0,-264.0,4.0,-110.0,-45.0,55.0,-132.0,-1022.0,119.0,6
3624,-33.0,-256.0,-3.0,-77.0,-42.0,46.0,-128.0,-1000.0,106.0,6
3625,-34.0,-248.0,-3.0,-57.0,-41.0,38.0,-129.0,-971.0,97.0,6
3626,-30.0,-240.0,-7.0,-50.0,-41.0,34.0,-129.0,-952.0,87.0,6
3627,-30.0,-238.0,-10.0,-60.0,-41.0,33.0,-129.0,-931.0,80.0,6
3628,-32.0,-236.0,-15.0,-80.0,-39.0,31.0,-131.0,-905.0,77.0,6
3629,-31.0,-233.0,-11.0,-109.0,-37.0,34.0,-133.0,-893.0,79.0,6
3630,-31.0,-229.0,-15.0,-142.0,-30.0,35.0,-129.0,-888.0,74.0,6
3631,-28.0,-228.0,-14.0,-173.0,-18.0,35.0,-117.0,-887.0,70.0,6
3632,-24.0,-230.0,-14.0,-199.0,3.0,30.0,-99.0,-898.0,67.0,6
3633,-17.0,-235.0,-15.0,-217.0,33.0,23.0,-81.0,-921.0,63.0,6
3634,-14.0,-239.0,-16.0,-231.0,70.0,14.0,-57.0,-929.0,58.0,6
3635,-10.0,-241.0,-18.0,-233.0,114.0,0.0,-39.0,-946.0,59.0,6
3636,-4.0,-244.0,-19.0,-227.0,160.0,-16.0,-17.0,-950.0,57.0,6
3637,-1.0,-245.0,-15.0,-211.0,204.0,-34.0,-1.0,-955.0,64.0,6
3638,4.0,-249.0,-15.0,-190.0,243.0,-52.0,14.0,-955.0,69.0,6
3639,7.0,-247.0,-8.0,-157.0,276.0,-70.0,32.0,-945.0,74.0,6
3640,9.0,-242.0,-14.0,-118.0,302.0,-88.0,46.0,-936.0,83.0,6
3641,14.0,-241.0,-5.0,-73.0,323.0,-103.0,52.0,-923.0,92.0,6
3642,18.0,-237.0,0.0,-23.0,340.0,-117.0,57.0,-905.0,103.0,6
3643,18.0,-231.0,2.0,27.0,352.0,-130.0,70.0,-890.0,115.0,6
3644,16.0,-228.0,-1.0,78.0,360.0,-147.0,60.0,-872.0,124.0,6
3645,13.0,-227.0,5.0,122.0,365.0,-159.0,51.0,-860.0,134.0,6
3646,10.0,-221.0,9.0,159.0,367.0,-174.0,38.0,-849.0,139.0,6
3647,7.0,-216.0,11.0,191.0,363.0,-191.0,25.0,-835.0,149.0,6
3648,0.0,-214.0,5.0,219.0,357.0,-211.0,8.0,-829.0,153.0,6
3649,-3.0,-211.0,8.0,240.0,348.0,-231.0,-15.0,-818.0,152.0,6
3650,-7.0,-210.0,-1.0,252.0,341.0,-256.0,-37.0,-811.0,151.0,6
3651,-15.0,-210.0,3.0,262.0,333.0,-281.0,-54.0,-809.0,147.0,6
3652,-17.0,-209.0,3.0,265.0,327.0,-306.0,-84.0,-812.0,141.0,6
3653,-27.0,-207.0,2.0,266.0,323.0,-332.0,-104.0,-811.0,130.0,6
3654,-33.0,-206.0,-1.0,260.0,323.0,-357.0,-125.0,-814.0,122.0,6
3655,-36.0,-208.0,0.0,251.0,325.0,-381.0,-144.0,-811.0,111.0,6
3656,-37.0,-209.0,-8.0,235.0,329.0,-404.0,-154.0,-822.0,103.0,6
3657,-43.0,-208.0,-7.0,215.0,330.0,-427.0,-159.0,-824.0,94.0,6
3658,-40.0,-215.0,-6.0,185.0,328.0,-444.0,-165.0,-828.0,91.0,6
3659,-44.0,-208.0,-7.0,150.0,325.0,-460.0,-162.0,-830.0,87.0,6
3660,-41.0,-213.0,-11.0,111.0,325.0,-471.0,-160.0,-829.0,84.0,6
3661,-42.0,-213.0,-10.0,68.0,324.0,-481.0,-152.0,-831.0,91.0,6
3662,-35.0,-206.0,-4.0,24.0,324.0,-484.0,-145.0,-830.0,92.0,6
3663,-35.0,-214.0,-7.0,-17.0,318.0,-485.0,-135.0,-826.0,95.0,6
3664,-30.0,-210.0,-5.0,-54.0,307.0,-482.0,-130.0,-836.0,105.0,6
3665,-28.0,-209.0,-1.0,-88.0,288.0,-474.0,-112.0,-817.0,110.0,6
3666,-25.0,-207.0,-1.0,-117.0,261.0,-462.0,-95.0,-805.0,111.0,6
3667,-19.0,-204.0,-2.0,-138.0,231.0,-447.0,-81.0,-792.0,104.0,6
3668,-23.0,-195.0,-7.0,-160.0,198.0,-434.0,-73.0,-774.0,98.0,6
3669,-17.0,-195.0,-11.0,-182.0,163.0,-421.0,-73.0,-766.0,87.0,6
3670,-16.0,-194.0,-12.0,-213.0,125.0,-411.0,-74.0,-755.0,77.0,6
3671,-19.0,-195.0,-14.0,-253.0,83.0,-402.0,-66.0,-752.0,62.0,6
3672,-19.0,-193.0,-16.0,-301.0,36.0,-399.0,-81.0,-758.0,63.0,6
3673,-28.0,-195.0,-20.0,-356.0,-8.0,-394.0,-77.0,-770.0,54.0,6
3674,-21.0,-199.0,-16.0,-412.0,-43.0,-388.0,-85.0,-781.0,51.0,6
3675,-20.0,-204.0,-17.0,-465.0,-70.0,-386.0,-86.0,-795.0,53.0,6
3676,-18.0,-210.0,-18.0,-511.0,-88.0,-386.0,-79.0,-818.0,60.0,6
3677,-18.0,-217.0,-14.0,-548.0,-104.0,-391.0,-75.0,-845.0,66.0,6
3678,-16.0,-224.0,-14.0,-575.0,-118.0,-399.0,-71.0,-870.0,73.0,6
3679,-15.0,-235.0,-9.0,-593.0,-132.0,-409.0,-65.0,-900.0,78.0,6
3680,-16.0,-240.0,-10.0,-601.0,-147.0,-422.0,-69.0,-933.0,81.0,6
3681,-15.0,-247.0,-9.0,-599.0,-163.0,-431.0,-74.0,-951.0,87.0,6
3682,-20.0,-250.0,-4.0,-588.0,-177.0,-440.0,-65.0,-975.0,94.0,6
3683,-17.0,-257.0,-7.0,-572.0,-189.0,-445.0,-77.0,-989.0,96.0,6
3684,-16.0,-259.0,-8.0,-549.0,-205.0,-448.0,-68.0,-997.0,95.0,6
3685,-17.0,-261.0,-6.0,-526.0,-222.0,-446.0,-73.0,-1008.0,100.0,6
3686,-16.0,-261.0,-8.0,-502.0,-240.0,-440.0,-77.0,-1009.0,98.0,6
3687,-16.0,-262.0,-8.0,-482.0,-255.0,-430.0,-73.0,-1016.0,95.0,6
3688,-16.0,-264.0,-9.0,-458.0,-265.0,-418.0,-65.0,-1019.0,91.0,6
3689,-14.0,-261.0,-10.0,-438.0,-268.0,-402.0,-57.0,-1011.0,87.0,6
3690,-14.0,-260.0,-12.0,-424.0,-266.0,-384.0,-52.0,-1009.0,77.0,6
3691,-12.0,-255.0,-15.0,-413.0,-260.0,-364.0,-44.0,-1001.0,77.0,6
3692,-9.0,-254.0,-18.0,-411.0,-250.0,-343.0,-29.0,-985.0,67.0,6
3693,-3.0,-248.0,-15.0,-414.0,-240.0,-320.0,-18.0,-970.0,69.0,6
3694,-3.0,-237.0,-11.0,-422.0,-224.0,-298.0,5.0,-950.0,61.0,6
3695,6.0,-240.0,-14.0,-432.0,-210.0,-274.0,25.0,-936.0,70.0,6
3696,12.0,-234.0,-8.0,-446.0,-190.0,-252.0,37.0,-917.0,84.0,6
3697,17.0,-236.0,-9.0,-460.0,-170.0,-231.0,54.0,-903.0,97.0,6
3698,21.0,-231.0,-5.0,-471.0,-146.0,-211.0,73.0,-886.0,115.0,6
3699,23.0,-228.0,0.0,-478.0,-124.0,-192.0,79.0,-882.0,129.0,6
3700,22.0,-226.0,2.0,-476.0,-100.0,-177.0,90.0,-885.0,134.0,6
3701,26.0,-231.0,4.0,-468.0,-80.0,-166.0,85.0,-881.0,141.0,6
3702,26.0,-231.0,8.0,-454.0,-64.0,-153.0,96.0,-883.0,147.0,6
3703,22.0,-227.0,11.0,-433.0,-49.0,-142.0,100.0,-889.0,146.0,6
3704,28.0,-232.0,12.0,-409.0,-33.0,-133.0,102.0,-893.0,149.0,6
3705,24.0,-229.0,10.0,-379.0,-17.0,-126.0,103.0,-890.0,154.0,6
3706,27.0,-233.0,8.0,-350.0,4.0,-121.0,95.0,-892.0,154.0,6
3707,24.0,-234.0,11.0,-321.0,27.0,-121.0,91.0,-896.0,159.0,6
3708,26.0,-233.0,11.0,-292.0,48.0,-121.0,91.0,-897.0,158.0,6
3709,20.0,-232.0,8.0,-262.0,64.0,-120.0,79.0,-903.0,154.0,6
3710,18.0,-240.0,12.0,-234.0,72.0,-116.0,75.0,-934.0,158.0,6
3711,16.0,-252.0,11.0,-208.0,76.0,-113.0,59.0,-970.0,146.0,6
3712,8.0,-259.0,0.0,-170.0,74.0,-112.0,41.0,-1007.0,124.0,6
3713,-1.0,-272.0,-1.0,-124.0,58.0,-102.0,-5.0,-1061.0,101.0,6
3714,-12.0,-287.0,-19.0,-79.0,20.0,-74.0,-41.0,-1114.0,60.0,6
3715,-18.0,-298.0,-35.0,-48.0,-34.0,-22.0,-56.0,-1163.0,-6.0,6
3716,-14.0,-312.0,-50.0,-43.0,-92.0,51.0,-53.0,-1211.0,-92.0,6
3717,-4.0,-326.0,-80.0,-77.0,-131.0,136.0,-24.0,-1291.0,-193.0,6
3718,3.0,-346.0,-99.0,-147.0,-126.0,219.0,0.0,-1352.0,-282.0,6
3719,5.0,-360.0,-113.0,-233.0,-76.0,284.0,-5.0,-1408.0,-340.0,6
3720,-5.0,-372.0,-113.0,-310.0,-9.0,330.0,-33.0,-1438.0,-353.0,6
3721,-28.0,-376.0,-111.0,-348.0,28.0,366.0,-91.0,-1450.0,-337.0,6
3722,-42.0,-375.0,-100.0,-337.0,13.0,402.0,-144.0,-1448.0,-308.0,6
3723,-48.0,-370.0,-100.0,-281.0,-50.0,443.0,-177.0,-1428.0,-276.0,6
3724,-44.0,-365.0,-90.0,-197.0,-140.0,495.0,-163.0,-1412.0,-251.0,6
3725,-31.0,-359.0,-82.0,-108.0,-220.0,546.0,-135.0,-1390.0,-237.0,6
3726,-16.0,-348.0,-81.0,-24.0,-265.0,589.0,-90.0,-1366.0,-212.0,6
3727,-10.0,-345.0,-79.0,51.0,-271.0,624.0,-51.0,-1340.0,-194.0,6
3728,0.0,-341.0,-75.0,116.0,-249.0,649.0,-20.0,-1310.0,-182.0,6
3729,9.0,-335.0,-74.0,167.0,-215.0,660.0,16.0,-1298.0,-183.0,6
3730,17.0,-326.0,-80.0,202.0,-177.0,655.0,49.0,-1272.0,-197.0,6
3731,23.0,-320.0,-75.0,229.0,-136.0,629.0,85.0,-1242.0,-193.0,6
3732,31.0,-316.0,-84.0,245.0,-97.0,584.0,112.0,-1206.0,-193.0,6
3733,34.0,-314.0,-76.0,257.0,-70.0,522.0,136.0,-1202.0,-196.0,6
3734,45.0,-317.0,-74.0,268.0,-61.0,449.0,158.0,-1205.0,-188.0,6
3735,46.0,-318.0,-74.0,281.0,-59.0,372.0,174.0,-1211.0,-189.0,6
3736,49.0,-318.0,-75.0,290.0,-54.0,297.0,182.0,-1218.0,-180.0,6
3737,47.0,-321.0,-73.0,301.0,-41.0,227.0,167.0,-1237.0,-170.0,6
3738,39.0,-325.0,-69.0,319.0,-19.0,168.0,135.0,-1253.0,-154.0,6
3739,23.0,-331.0,-64.0,344.0,3.0,128.0,88.0,-1282.0,-135.0,6
3740,12.0,-335.0,-57.0,374.0,24.0,108.0,43.0,-1293.0,-111.0,6
3741,3.0,-335.0,-54.0,417.0,36.0,103.0,16.0,-1299.0,-83.0,6
3742,-6.0,-337.0,-47.0,472.0,38.0,114.0,-16.0,-1303.0,-66.0,6
3743,-13.0,-339.0,-44.0,525.0,34.0,136.0,-50.0,-1321.0,-55.0,6
3744,-20.0,-339.0,-37.0,566.0,22.0,165.0,-72.0,-1316.0,-38.0,6
3745,-24.0,-338.0,-37.0,606.0,6.0,202.0,-98.0,-1324.0,-31.0,6
3746,-31.0,-341.0,-38.0,629.0,-15.0,248.0,-115.0,-1329.0,-40.0,6
3747,-28.0,-342.0,-42.0,633.0,-38.0,302.0,-122.0,-1336.0,-46.0,6
3748,-30.0,-344.0,-48.0,618.0,-58.0,359.0,-121.0,-1348.0,-64.0,6
3749,-24.0,-349.0,-51.0,584.0,-70.0,417.0,-102.0,-1361.0,-84.0,6
3750,-18.0,-347.0,-53.0,541.0,-81.0,467.0,-73.0,-1358.0,-89.0,6
3751,-12.0,-346.0,-54.0,499.0,-92.0,504.0,-48.0,-1349.0,-99.0,6
3752,-7.0,-340.0,-52.0,467.0,-104.0,528.0,-36.0,-1337.0,-86.0,6
3753,4.0,-338.0,-46.0,450.0,-127.0,539.0,18.0,-1317.0,-64.0,6
3754,13.0,-334.0,-44.0,450.0,-159.0,530.0,48.0,-1300.0,-63.0,6
3755,20.0,-326.0,-40.0,458.0,-178.0,506.0,73.0,-1282.0,-49.0,6
3756,27.0,-323.0,-40.0,470.0,-188.0,469.0,97.0,-1250.0,-41.0,6
3757,31.0,-319.0,-39.0,481.0,-198.0,423.0,107.0,-1215.0,-35.0,6
3758,29.0,-304.0,-32.0,488.0,-205.0,375.0,114.0,-1184.0,-20.0,6
3759,21.0,-288.0,-31.0,484.0,-208.0,325.0,109.0,-1133.0,-10.0,6
3760,27.0,-275.0,-38.0,476.0,-207.0,279.0,101.0,-1084.0,-15.0,6
3761,25.0,-264.0,-39.0,453.0,-198.0,234.0,88.0,-1030.0,-28.0,6
3762,18.0,-252.0,-44.0,415.0,-187.0,192.0,70.0,-984.0,-36.0,6
3763,14.0,-239.0,-44.0,361.0,-174.0,154.0,52.0,-943.0,-45.0,6
3764,12.0,-233.0,-41.0,303.0,-162.0,118.0,46.0,-906.0,-43.0,6
3765,9.0,-229.0,-40.0,245.0,-149.0,82.0,29.0,-885.0,-46.0,6
3766,0.0,-223.0,-45.0,191.0,-134.0,50.0,12.0,-874.0,-35.0,6
3767,-2.0,-220.0,-39.0,148.0,-117.0,24.0,-8.0,-870.0,-22.0,6
3768,-4.0,-223.0,-33.0,122.0,-102.0,3.0,-22.0,-869.0,-6.0,6
3769,2.0,-226.0,-26.0,109.0,-88.0,-14.0,-17.0,-885.0,11.0,6
3770,-5.0,-232.0,-30.0,103.0,-69.0,-26.0,-13.0,-903.0,13.0,6
3771,-1.0,-233.0,-26.0,100.0,-45.0,-35.0,-11.0,-918.0,20.0,6
3772,4.0,-239.0,-26.0,99.0,-21.0,-45.0,-6.0,-932.0,21.0,6
3773,6.0,-239.0,-24.0,95.0,4.0,-53.0,17.0,-939.0,20.0,6
3774,6.0,-240.0,-28.0,87.0,24.0,-57.0,17.0,-936.0,18.0,6
3775,9.0,-240.0,-27.0,81.0,40.0,-57.0,25.0,-943.0,19.0,6
3776,8.0,-238.0,-28.0,71.0,52.0,-55.0,33.0,-937.0,19.0,6
3777,10.0,-240.0,-28.0,58.0,56.0,-52.0,34.0,-938.0,22.0,6
3778,11.0,-243.0,-24.0,43.0,57.0,-44.0,33.0,-941.0,33.0,6
3779,9.0,-240.0,-28.0,24.0,54.0,-38.0,33.0,-942.0,29.0,6
3780,8.0,-243.0,-26.0,1.0,50.0,-29.0,35.0,-941.0,33.0,6
3781,11.0,-244.0,-20.0,-23.0,43.0,-20.0,44.0,-948.0,39.0,6
3782,9.0,-244.0,-20.0,-49.0,39.0,-12.0,33.0,-956.0,45.0,6
3783,6.0,-246.0,-20.0,-77.0,38.0,-4.0,22.0,-961.0,46.0,6
3784,7.0,-250.0,-16.0,-105.0,37.0,6.0,28.0,-971.0,56.0,6
3785,7.0,-255.0,-12.0,-127.0,35.0,12.0,20.0,-982.0,70.0,6
3786,5.0,-255.0,-13.0,-142.0,37.0,19.0,16.0,-992.0,76.0,6
3787,3.0,-259.0,-6.0,-150.0,39.0,27.0,15.0,-1008.0,85.0,6
3788,2.0,-264.0,-6.0,-151.0,45.0,33.0,5.0,-1013.0,94.0,6
3789,1.0,-267.0,-6.0,-147.0,47.0,39.0,2.0,-1028.0,108.0,6
3790,-1.0,-265.0,0.0,-138.0,48.0,43.0,1.0,-1032.0,112.0,6
3791,1.0,-270.0,4.0,-123.0,50.0,46.0,-1.0,-1039.0,113.0,6
3792,-2.0,-267.0,-1.0,-103.0,50.0,49.0,2.0,-1037.0,119.0,6
3793,-1.0,-268.0,0.0,-81.0,52.0,47.0,-2.0,-1035.0,116.0,6
3794,-2.0,-268.0,-2.0,-58.0,56.0,46.0,-5.0,-1038.0,108.0,6
3795,-2.0,-264.0,-4.0,-37.0,62.0,43.0,-5.0,-1032.0,109.0,6
3796,-1.0,-265.0,-8.0,-19.0,68.0,37.0,0.0,-1018.0,100.0,6
3797,-4.0,-258.0,-8.0,-3.0,77.0,30.0,-3.0,-1009.0,96.0,6
3798,-2.0,-260.0,-13.0,7.0,85.0,24.0,-14.0,-997.0,87.0,6
3799,-4.0,-251.0,-10.0,14.0,92.0,15.0,-13.0,-982.0,85.0,6
3800,-1.0,-252.0,-8.0,16.0,101.0,9.0,-10.0,-968.0,82.0,6
3801,-1.0,-250.0,-13.0,17.0,111.0,4.0,-12.0,-962.0,85.0,6
3802,-3.0,-246.0,-9.0,15.0,123.0,-4.0,-9.0,-951.0,83.0,6
3803,-1.0,-244.0,-10.0,11.0,135.0,-9.0,-15.0,-950.0,93.0,6
3804,1.0,-245.0,-9.0,10.0,147.0,-14.0,-13.0,-944.0,94.0,6
3805,-1.0,-243.0,-6.0,11.0,159.0,-18.0,-18.0,-937.0,103.0,6
3806,-4.0,-244.0,1.0,17.0,171.0,-18.0,-18.0,-937.0,107.0,6
3807,-7.0,-240.0,-4.0,24.0,184.0,-19.0,-24.0,-937.0,110.0,6
3808,-9.0,-241.0,-3.0,33.0,193.0,-17.0,-27.0,-933.0,116.0,6
3809,-6.0,-241.0,-1.0,41.0,200.0,-15.0,-32.0,-934.0,124.0,6
3810,-10.0,-240.0,2.0,51.0,206.0,-11.0,-29.0,-933.0,128.0,6
3811,-9.0,-242.0,1.0,61.0,209.0,-6.0,-35.0,-938.0,131.0,6
3812,-7.0,-241.0,2.0,68.0,207.0,1.0,-35.0,-937.0,135.0,6
3813,-8.0,-242.0,3.0,75.0,202.0,11.0,-39.0,-936.0,139.0,6
3814,-8.0,-238.0,23.0,82.0,195.0,20.0,-34.0,-944.0,144.0,6
3815,-8.0,-244.0,7.0,90.0,183.0,28.0,-34.0,-944.0,147.0,6
3816,-11.0,-241.0,13.0,96.0,172.0,38.0,-39.0,-937.0,153.0,6
3817,-12.0,-242.0,13.0,107.0,164.0,45.0,-38.0,-937.0,162.0,6
3818,-12.0,-240.0,12.0,120.0,153.0,52.0,-45.0,-938.0,166.0,6
3819,-15.0,-239.0,16.0,136.0,143.0,61.0,-45.0,-937.0,177.0,6
3820,-15.0,-241.0,19.0,153.0,135.0,69.0,-44.0,-934.0,183.0,6
3821,-13.0,-238.0,18.0,173.0,128.0,80.0,-46.0,-927.0,191.0,6
3822,-14.0,-244.0,22.0,193.0,120.0,89.0,-51.0,-929.0,194.0,6
3823,-13.0,-236.0,19.0,218.0,111.0,101.0,-49.0,-924.0,198.0,6
3824,-13.0,-239.0,16.0,242.0,104.0,110.0,-51.0,-915.0,196.0,6
3825,-12.0,-232.0,18.0,264.0,98.0,123.0,-47.0,-897.0,192.0,6
3826,-12.0,-230.0,16.0,281.0,95.0,132.0,-39.0,-886.0,182.0,6
3827,-10.0,-225.0,11.0,295.0,93.0,142.0,-38.0,-867.0,175.0,6
3828,-11.0,-218.0,15.0,302.0,96.0,150.0,-40.0,-852.0,164.0,6
3829,-8.0,-217.0,5.0,301.0,100.0,161.0,-35.0,-842.0,147.0,6
3830,-12.0,-214.0,9.0,289.0,102.0,170.0,-37.0,-828.0,141.0,6
3831,-11.0,-209.0,2.0,269.0,102.0,181.0,-38.0,-818.0,137.0,6
3832,-11.0,-210.0,-1.0,248.0,103.0,193.0,-39.0,-812.0,125.0,6
3833,-13.0,-205.0,-1.0,212.0,102.0,206.0,-41.0,-809.0,120.0,6
3834,-7.0,-204.0,11.0,176.0,104.0,219.0,-35.0,-803.0,122.0,6
3835,-7.0,-204.0,-1.0,141.0,112.0,231.0,-35.0,-802.0,120.0,6
3836,-8.0,-200.0,0.0,108.0,122.0,241.0,-23.0,-792.0,117.0,6
3837,-6.0,-199.0,-1.0,76.0,136.0,252.0,-21.0,-786.0,123.0,6
3838,-2.0,-202.0,0.0,43.0,151.0,261.0,-6.0,-794.0,119.0,6
3839,-1.0,-201.0,0.0,10.0,168.0,264.0,4.0,-780.0,122.0,6
3840,1.0,-199.0,1.0,-21.0,179.0,266.0,3.0,-785.0,124.0,6
3841,6.0,-203.0,2.0,-52.0,190.0,263.0,16.0,-787.0,129.0,6
3842,4.0,-205.0,9.0,-80.0,199.0,261.0,22.0,-795.0,137.0,6
3843,5.0,-205.0,5.0,-101.0,203.0,259.0,23.0,-804.0,141.0,6
3844,3.0,-203.0,3.0,-118.0,207.0,254.0,32.0,-806.0,148.0,6
3845,6.0,-209.0,8.0,-132.0,213.0,249.0,37.0,-807.0,148.0,6
3846,11.0,-211.0,5.0,-139.0,222.0,245.0,31.0,-816.0,151.0,6
3847,9.0,-213.0,11.0,-146.0,238.0,241.0,28.0,-826.0,151.0,6
3848,8.0,-218.0,9.0,-151.0,262.0,237.0,25.0,-837.0,149.0,6
3849,7.0,-218.0,5.0,-158.0,292.0,234.0,17.0,-853.0,141.0,6
3850,7.0,-223.0,2.0,-169.0,323.0,227.0,20.0,-863.0,137.0,6
3851,2.0,-227.0,0.0,-186.0,353.0,220.0,17.0,-883.0,127.0,6
3852,0.0,-227.0,-6.0,-208.0,377.0,214.0,5.0,-890.0,120.0,6
3853,5.0,-233.0,-1.0,-228.0,395.0,204.0,11.0,-913.0,107.0,6
3854,1.0,-236.0,-3.0,-248.0,414.0,197.0,-3.0,-919.0,98.0,6
3855,0.0,-242.0,-9.0,-263.0,434.0,190.0,-8.0,-936.0,91.0,6
3856,-1.0,-235.0,-13.0,-278.0,453.0,185.0,-17.0,-943.0,79.0,6
3857,-5.0,-243.0,-11.0,-285.0,471.0,178.0,-20.0,-946.0,86.0,6
3858,-6.0,-245.0,-10.0,-289.0,489.0,173.0,-30.0,-945.0,85.0,6
3859,-10.0,-246.0,-9.0,-288.0,511.0,167.0,-41.0,-939.0,96.0,6
3860,-11.0,-241.0,0.0,-282.0,531.0,160.0,-53.0,-941.0,110.0,6
3861,-16.0,-241.0,2.0,-276.0,546.0,154.0,-72.0,-941.0,131.0,6
3862,-20.0,-242.0,15.0,-265.0,557.0,150.0,-89.0,-938.0,157.0,6
3863,-26.0,-240.0,17.0,-253.0,561.0,149.0,-117.0,-936.0,184.0,6
3864,-31.0,-247.0,23.0,-231.0,563.0,153.0,-133.0,-943.0,208.0,6
3865,-36.0,-243.0,31.0,-209.0,565.0,160.0,-147.0,-949.0,238.0,6
3866,-42.0,-250.0,31.0,-182.0,568.0,171.0,-171.0,-967.0,250.0,6
3867,-47.0,-252.0,36.0,-152.0,571.0,184.0,-187.0,-979.0,265.0,6
3868,-56.0,-256.0,36.0,-125.0,571.0,199.0,-206.0,-999.0,267.0,6
3869,-57.0,-261.0,42.0,-98.0,564.0,218.0,-212.0,-1021.0,263.0,6
3870,-54.0,-270.0,30.0,-78.0,547.0,236.0,-209.0,-1045.0,250.0,6
3871,-53.0,-275.0,25.0,-60.0,523.0,255.0,-201.0,-1073.0,225.0,6
3872,-50.0,-278.0,20.0,-47.0,489.0,273.0,-183.0,-1091.0,199.0,6
3873,-42.0,-281.0,12.0,-36.0,453.0,287.0,-168.0,-1101.0,160.0,6
3874,-35.0,-282.0,0.0,-31.0,420.0,298.0,-134.0,-1103.0,133.0,6
3875,-29.0,-280.0,-5.0,-26.0,388.0,303.0,-110.0,-1094.0,106.0,6
3876,-21.0,-277.0,-2.0,-23.0,362.0,298.0,-81.0,-1078.0,87.0,6
3877,-12.0,-268.0,-10.0,-25.0,347.0,283.0,-62.0,-1055.0,82.0,6
3878,-13.0,-260.0,-3.0,-32.0,345.0,263.0,-51.0,-1022.0,96.0,6
3879,-16.0,-257.0,2.0,-36.0,350.0,239.0,-54.0,-1003.0,120.0,6
3880,-12.0,-257.0,9.0,-42.0,351.0,210.0,-45.0,-987.0,141.0,6
3881,-10.0,-252.0,14.0,-43.0,349.0,178.0,-46.0,-964.0,156.0,6
3882,-11.0,-247.0,19.0,-49.0,348.0,144.0,-36.0,-958.0,176.0,6
3883,-9.0,-245.0,21.0,-54.0,350.0,109.0,-29.0,-943.0,203.0,6
3884,-9.0,-241.0,22.0,-59.0,359.0,76.0,-36.0,-934.0,214.0,6
3885,-9.0,-239.0,28.0,-59.0,372.0,43.0,-37.0,-934.0,218.0,6
3886,-7.0,-238.0,21.0,-54.0,388.0,12.0,-29.0,-932.0,208.0,6
3887,-2.0,-240.0,16.0,-51.0,410.0,-20.0,-20.0,-938.0,188.0,6
3888,-2.0,-244.0,11.0,-53.0,440.0,-52.0,-10.0,-944.0,169.0,6
3889,-5.0,-241.0,12.0,-56.0,471.0,-86.0,-14.0,-958.0,143.0,6
3890,-1.0,-255.0,3.0,-59.0,500.0,-122.0,-15.0,-975.0,131.0,6
3891,-7.0,-257.0,2.0,-64.0,524.0,-158.0,-26.0,-998.0,135.0,6
3892,-12.0,-269.0,16.0,-66.0,537.0,-198.0,-44.0,-1031.0,170.0,6
3893,-17.0,-278.0,21.0,-59.0,529.0,-232.0,-75.0,-1071.0,193.0,6
3894,-20.0,-288.0,21.0,-33.0,501.0,-262.0,-80.0,-1115.0,200.0,6
3895,-16.0,-300.0,13.0,5.0,471.0,-292.0,-75.0,-1150.0,174.0,6
3896,-15.0,-311.0,-5.0,37.0,459.0,-331.0,-69.0,-1193.0,117.0,6
3897,-18.0,-320.0,-17.0,55.0,478.0,-383.0,-72.0,-1233.0,65.0,6
3898,-20.0,-330.0,-29.0,53.0,513.0,-445.0,-91.0,-1277.0,36.0,6
3899,-32.0,-337.0,-27.0,44.0,539.0,-513.0,-134.0,-1298.0,11.0,6
3900,-47.0,-329.0,-28.0,35.0,539.0,-572.0,-163.0,-1306.0,2.0,6
3901,-51.0,-337.0,-34.0,39.0,512.0,-616.0,-190.0,-1311.0,-5.0,6
3902,-55.0,-337.0,-34.0,50.0,473.0,-643.0,-204.0,-1311.0,-19.0,6
3903,-54.0,-333.0,-37.0,70.0,439.0,-659.0,-212.0,-1297.0,-32.0,6
3904,-61.0,-328.0,-40.0,101.0,420.0,-662.0,-224.0,-1256.0,-50.0,6
3905,-65.0,-318.0,-46.0,143.0,407.0,-654.0,-245.0,-1211.0,-60.0,6
3906,-71.0,-305.0,-46.0,181.0,384.0,-637.0,-263.0,-1185.0,-67.0,6
3907,-76.0,-297.0,-51.0,204.0,347.0,-615.0,-279.0,-1147.0,-73.0,6
3908,-78.0,-288.0,-50.0,208.0,293.0,-583.0,-287.0,-1107.0,-79.0,6
3909,-80.0,-277.0,-51.0,194.0,223.0,-545.0,-301.0,-1082.0,-72.0,6
3910,-81.0,-273.0,-56.0,170.0,144.0,-503.0,-295.0,-1053.0,-74.0,6
3911,-76.0,-266.0,-51.0,139.0,65.0,-458.0,-286.0,-1047.0,-72.0,6
3912,-77.0,-268.0,-51.0,105.0,-10.0,-413.0,-292.0,-1033.0,-83.0,6
3913,-76.0,-265.0,-55.0,68.0,-79.0,-366.0,-271.0,-1039.0,-90.0,6
3914,-70.0,-269.0,-53.0,34.0,-141.0,-323.0,-257.0,-1053.0,-99.0,6
3915,-65.0,-273.0,-52.0,7.0,-191.0,-290.0,-245.0,-1067.0,-87.0,6
3916,-60.0,-279.0,-51.0,-7.0,-230.0,-262.0,-236.0,-1078.0,-73.0,6
3917,-63.0,-279.0,-46.0,-6.0,-258.0,-239.0,-235.0,-1093.0,-61.0,6
3918,-57.0,-284.0,-40.0,7.0,-285.0,-223.0,-214.0,-1104.0,-48.0,6
3919,-58.0,-285.0,-39.0,26.0,-315.0,-211.0,-206.0,-1114.0,-33.0,6
3920,-49.0,-290.0,-35.0,53.0,-344.0,-198.0,-192.0,-1125.0,-20.0,6
3921,-42.0,-290.0,-35.0,85.0,-370.0,-185.0,-180.0,-1124.0,-21.0,6
3922,-46.0,-291.0,-37.0,118.0,-389.0,-170.0,-169.0,-1130.0,-19.0,6
3923,-41.0,-292.0,-37.0,148.0,-402.0,-154.0,-157.0,-1135.0,-32.0,6
3924,-36.0,-294.0,-41.0,172.0,-407.0,-142.0,-153.0,-1139.0,-37.0,6
3925,-36.0,-295.0,-39.0,192.0,-407.0,-131.0,-147.0,-1139.0,-34.0,6
3926,-32.0,-296.0,-36.0,203.0,-404.0,-119.0,-142.0,-1140.0,-28.0,6
3927,-34.0,-291.0,-36.0,208.0,-399.0,-109.0,-142.0,-1139.0,-21.0,6
3928,-33.0,-294.0,-33.0,204.0,-395.0,-100.0,-132.0,-1138.0,-12.0,6
3929,-32.0,-292.0,-30.0,194.0,-391.0,-91.0,-129.0,-1133.0,-4.0,6
3930,-32.0,-288.0,-33.0,185.0,-384.0,-83.0,-125.0,-1119.0,9.0,6
3931,-30.0,-285.0,-27.0,172.0,-373.0,-76.0,-124.0,-1109.0,5.0,6
3932,-30.0,-279.0,-36.0,151.0,-359.0,-68.0,-124.0,-1095.0,3.0,6
3933,-31.0,-273.0,-30.0,124.0,-345.0,-62.0,-125.0,-1076.0,1.0,6
3934,-31.0,-270.0,-34.0,89.0,-326.0,-49.0,-122.0,-1063.0,-6.0,6
3935,-24.0,-264.0,-33.0,51.0,-310.0,-35.0,-105.0,-1038.0,-10.0,6
3936,-18.0,-260.0,-37.0,14.0,-290.0,-20.0,-101.0,-1015.0,-18.0,6
3937,-16.0,-257.0,-39.0,-28.0,-266.0,-2.0,-75.0,-1004.0,-30.0,6
3938,-16.0,-249.0,-44.0,-79.0,-241.0,15.0,-71.0,-980.0,-42.0,6
3939,-17.0,-249.0,-43.0,-132.0,-206.0,38.0,-62.0,-958.0,-56.0,6
3940,-15.0,-243.0,-46.0,-186.0,-176.0,65.0,-52.0,-944.0,-51.0,6
3941,-11.0,-242.0,-46.0,-234.0,-152.0,97.0,-34.0,-931.0,-55.0,6
3942,-13.0,-234.0,-39.0,-281.0,-132.0,131.0,-21.0,-925.0,-37.0,6
3943,1.0,-234.0,-37.0,-323.0,-113.0,162.0,12.0,-915.0,-3.0,6
3944,9.0,-241.0,-24.0,-357.0,-96.0,190.0,35.0,-931.0,27.0,6
3945,16.0,-250.0,-10.0,-384.0,-85.0,214.0,59.0,-963.0,71.0,6
3946,18.0,-262.0,0.0,-400.0,-78.0,226.0,74.0,-1014.0,117.0,6
3947,18.0,-279.0,10.0,-399.0,-74.0,219.0,80.0,-1079.0,155.0,6
3948,17.0,-303.0,21.0,-388.0,-79.0,196.0,58.0,-1162.0,191.0,6
3949,6.0,-325.0,23.0,-366.0,-89.0,158.0,35.0,-1238.0,223.0,6
3950,-6.0,-343.0,33.0,-328.0,-101.0,111.0,-4.0,-1329.0,233.0,6
3951,-14.0,-363.0,19.0,-275.0,-103.0,55.0,-50.0,-1393.0,212.0,6
3952,-23.0,-377.0,14.0,-220.0,-94.0,-5.0,-109.0,-1443.0,176.0,6
3953,-43.0,-379.0,-4.0,-169.0,-82.0,-62.0,-162.0,-1462.0,131.0,6
3954,-50.0,-382.0,-15.0,-124.0,-70.0,-107.0,-196.0,-1469.0,69.0,6
3955,-58.0,-371.0,-32.0,-85.0,-55.0,-142.0,-232.0,-1435.0,12.0,6
3956,-62.0,-355.0,-40.0,-51.0,-35.0,-157.0,-250.0,-1379.0,-34.0,6
3957,-60.0,-327.0,-48.0,-12.0,-11.0,-150.0,-247.0,-1297.0,-62.0,6
3958,-55.0,-306.0,-48.0,17.0,20.0,-132.0,-220.0,-1207.0,-74.0,6
3959,-46.0,-287.0,-48.0,30.0,49.0,-105.0,-194.0,-1133.0,-69.0,6
3960,-43.0,-266.0,-41.0,16.0,71.0,-77.0,-172.0,-1050.0,-47.0,6
3961,-36.0,-251.0,-37.0,-21.0,81.0,-46.0,-149.0,-986.0,-25.0,6
3962,-28.0,-237.0,-26.0,-81.0,76.0,-15.0,-124.0,-936.0,13.0,6
3963,-23.0,-224.0,-19.0,-149.0,64.0,17.0,-95.0,-881.0,44.0,6
3964,-16.0,-219.0,-11.0,-214.0,44.0,48.0,-74.0,-855.0,68.0,6
3965,-16.0,-213.0,-5.0,-269.0,23.0,79.0,-53.0,-831.0,93.0,6
3966,-9.0,-211.0,-4.0,-312.0,3.0,109.0,-35.0,-826.0,114.0,6
3967,-5.0,-216.0,0.0,-341.0,-15.0,135.0,-21.0,-832.0,121.0,6
3968,-2.0,-221.0,1.0,-354.0,-28.0,155.0,-8.0,-853.0,134.0,6
3969,2.0,-229.0,5.0,-351.0,-33.0,171.0,6.0,-872.0,138.0,6
3970,1.0,-238.0,9.0,-336.0,-33.0,178.0,10.0,-911.0,145.0,6
3971,3.0,-245.0,8.0,-308.0,-32.0,178.0,0.0,-941.0,149.0,6
3972,-3.0,-249.0,10.0,-272.0,-31.0,167.0,-3.0,-965.0,158.0,6
3973,-3.0,-257.0,10.0,-230.0,-30.0,152.0,-15.0,-986.0,159.0,6
3974,-3.0,-257.0,13.0,-177.0,-32.0,133.0,-18.0,-983.0,168.0,6
3975,-10.0,-251.0,11.0,-118.0,-32.0,113.0,-18.0,-982.0,170.0,6
3976,-6.0,-253.0,10.0,-54.0,-35.0,92.0,-29.0,-959.0,173.0,6
3977,-7.0,-243.0,13.0,7.0,-33.0,69.0,-30.0,-941.0,158.0,6
3978,-10.0,-234.0,13.0,60.0,-32.0,46.0,-31.0,-907.0,164.0,6
3979,-11.0,-226.0,13.0,100.0,-31.0,20.0,-33.0,-875.0,165.0,6
3980,-8.0,-218.0,14.0,126.0,-31.0,-10.0,-39.0,-840.0,167.0,6
3981,-11.0,-209.0,11.0,138.0,-30.0,-39.0,-46.0,-816.0,178.0,6
3982,-15.0,-202.0,19.0,135.0,-33.0,-71.0,-57.0,-787.0,190.0,6
3983,-14.0,-199.0,18.0,130.0,-36.0,-105.0,-68.0,-770.0,197.0,6
3984,-18.0,-196.0,20.0,118.0,-41.0,-140.0,-79.0,-756.0,208.0,6
3985,-18.0,-192.0,27.0,102.0,-47.0,-175.0,-86.0,-746.0,219.0,6
3986,-24.0,-192.0,29.0,88.0,-51.0,-215.0,-97.0,-749.0,231.0,6
3987,-28.0,-192.0,31.0,76.0,-54.0,-258.0,-108.0,-755.0,239.0,6
3988,-31.0,-198.0,30.0,71.0,-55.0,-302.0,-127.0,-772.0,239.0,6
3989,-30.0,-203.0,31.0,71.0,-52.0,-348.0,-140.0,-784.0,236.0,6
3990,-35.0,-208.0,29.0,74.0,-44.0,-396.0,-145.0,-807.0,238.0,6
3991,-34.0,-214.0,28.0,84.0,-28.0,-447.0,-145.0,-819.0,224.0,6
3992,-38.0,-214.0,24.0,97.0,-5.0,-500.0,-147.0,-835.0,212.0,6
3993,-36.0,-218.0,19.0,111.0,24.0,-551.0,-141.0,-845.0,202.0,6
3994,-29.0,-221.0,18.0,128.0,57.0,-601.0,-132.0,-842.0,187.0,6
3995,-26.0,-219.0,15.0,144.0,91.0,-644.0,-122.0,-842.0,174.0,6
3996,-20.0,-218.0,3.0,158.0,125.0,-682.0,-94.0,-835.0,157.0,6
3997,-16.0,-213.0,7.0,167.0,158.0,-714.0,-83.0,-829.0,145.0,6
3998,-16.0,-208.0,6.0,171.0,187.0,-739.0,-60.0,-819.0,140.0,6
3999,-13.0,-207.0,3.0,172.0,203.0,-756.0,-49.0,-805.0,132.0,6
4000,-12.0,-201.0,0.0,168.0,210.0,-764.0,-33.0,-794.0,129.0,6
4001,-8.0,-198.0,1.0,161.0,204.0,-765.0,-18.0,-778.0,127.0,6
4002,-4.0,-197.0,2.0,148.0,187.0,-759.0,-10.0,-770.0,131.0,6
4003,-1.0,-195.0,5.0,127.0,158.0,-750.0,-4.0,-767.0,131.0,6
4004,-5.0,-191.0,6.0,104.0,127.0,-731.0,-2.0,-761.0,140.0,6
4005,-2.0,-192.0,6.0,77.0,91.0,-706.0,-9.0,-746.0,144.0,6
4006,-3.0,-191.0,16.0,50.0,50.0,-678.0,-10.0,-744.0,159.0,6
4007,-4.0,-187.0,21.0,24.0,7.0,-644.0,-9.0,-738.0,185.0,6
4008,-5.0,-189.0,17.0,-4.0,-28.0,-608.0,-7.0,-729.0,192.0,6
4009,-6.0,-192.0,20.0,-25.0,-77.0,-573.0,-22.0,-729.0,199.0,6
4010,-11.0,-187.0,17.0,-47.0,-125.0,-540.0,-27.0,-731.0,196.0,6
4011,-12.0,-188.0,16.0,-72.0,-170.0,-513.0,-39.0,-737.0,189.0,6
4012,-15.0,-191.0,14.0,-108.0,-211.0,-489.0,-59.0,-743.0,184.0,6
4013,-16.0,-194.0,16.0,-155.0,-250.0,-474.0,-74.0,-759.0,179.0,6
4014,-23.0,-196.0,13.0,-209.0,-286.0,-461.0,-83.0,-782.0,174.0,6
4015,-23.0,-204.0,15.0,-255.0,-321.0,-449.0,-90.0,-805.0,174.0,6
4016,-25.0,-214.0,13.0,-296.0,-353.0,-440.0,-96.0,-828.0,170.0,6
4017,-27.0,-220.0,10.0,-328.0,-383.0,-434.0,-106.0,-862.0,170.0,6
4018,-33.0,-228.0,10.0,-347.0,-405.0,-428.0,-109.0,-886.0,164.0,6
4019,-27.0,-239.0,12.0,-353.0,-425.0,-421.0,-109.0,-920.0,160.0,6
4020,-29.0,-243.0,5.0,-353.0,-442.0,-413.0,-116.0,-943.0,145.0,6
4021,-29.0,-247.0,5.0,-349.0,-457.0,-401.0,-113.0,-956.0,145.0,6
4022,-28.0,-252.0,5.0,-337.0,-466.0,-386.0,-118.0,-967.0,136.0,6
4023,-31.0,-252.0,4.0,-316.0,-473.0,-369.0,-129.0,-967.0,135.0,6
4024,-33.0,-252.0,8.0,-287.0,-482.0,-345.0,-133.0,-961.0,142.0,6
4025,-35.0,-246.0,6.0,-252.0,-493.0,-317.0,-133.0,-958.0,150.0,6
4026,-33.0,-241.0,16.0,-213.0,-510.0,-286.0,-129.0,-946.0,163.0,6
4027,-30.0,-237.0,17.0,-173.0,-529.0,-251.0,-123.0,-931.0,186.0,6
4028,-27.0,-240.0,22.0,-134.0,-544.0,-218.0,-120.0,-920.0,196.0,6
4029,-23.0,-232.0,27.0,-102.0,-559.0,-187.0,-102.0,-899.0,210.0,6
4030,-19.0,-227.0,27.0,-74.0,-571.0,-157.0,-88.0,-884.0,225.0,6
4031,-14.0,-226.0,28.0,-52.0,-582.0,-131.0,-69.0,-880.0,238.0,6
4032,-10.0,-225.0,34.0,-36.0,-589.0,-109.0,-39.0,-865.0,244.0,6
4033,0.0,-225.0,32.0,-27.0,-593.0,-91.0,-14.0,-865.0,261.0,6
4034,8.0,-224.0,42.0,-19.0,-590.0,-79.0,14.0,-868.0,265.0,6
4035,8.0,-227.0,34.0,-12.0,-578.0,-72.0,29.0,-872.0,270.0,6
4036,14.0,-229.0,35.0,-9.0,-560.0,-66.0,48.0,-879.0,264.0,6
4037,16.0,-230.0,30.0,-10.0,-532.0,-63.0,69.0,-877.0,254.0,6
4038,24.0,-228.0,28.0,-10.0,-498.0,-61.0,77.0,-885.0,237.0,6
4039,27.0,-230.0,25.0,-9.0,-455.0,-61.0,93.0,-882.0,227.0,6
4040,32.0,-226.0,26.0,-9.0,-412.0,-58.0,106.0,-878.0,212.0,6
4041,38.0,-226.0,23.0,-10.0,-366.0,-56.0,132.0,-879.0,210.0,6
4042,44.0,-227.0,21.0,-12.0,-313.0,-56.0,159.0,-878.0,203.0,6
4043,49.0,-229.0,18.0,-7.0,-251.0,-56.0,183.0,-882.0,211.0,6
4044,51.0,-235.0,20.0,-3.0,-182.0,-52.0,194.0,-900.0,218.0,6
4045,55.0,-244.0,26.0,-3.0,-111.0,-48.0,207.0,-950.0,219.0,6
4046,51.0,-259.0,26.0,-9.0,-41.0,-51.0,197.0,-1011.0,218.0,6
4047,48.0,-274.0,22.0,-19.0,19.0,-48.0,179.0,-1076.0,207.0,6
4048,37.0,-291.0,12.0,-32.0,48.0,-32.0,149.0,-1130.0,166.0,6
4049,25.0,-304.0,-10.0,-53.0,26.0,6.0,121.0,-1188.0,75.0,6
4050,24.0,-325.0,-40.0,-98.0,-46.0,74.0,107.0,-1263.0,-25.0,6
4051,33.0,-344.0,-64.0,-161.0,-129.0,161.0,124.0,-1354.0,-112.0,6
4052,39.0,-367.0,-68.0,-227.0,-167.0,249.0,139.0,-1428.0,-157.0,6
4053,27.0,-381.0,-64.0,-271.0,-128.0,319.0,92.0,-1476.0,-158.0,6
4054,-5.0,-383.0,-59.0,-278.0,-45.0,372.0,-26.0,-1476.0,-130.0,6
4055,-38.0,-378.0,-54.0,-250.0,5.0,433.0,-134.0,-1463.0,-114.0,6
4056,-56.0,-376.0,-63.0,-205.0,-30.0,510.0,-199.0,-1449.0,-145.0,6
4057,-57.0,-367.0,-73.0,-165.0,-131.0,596.0,-209.0,-1425.0,-172.0,6
4058,-51.0,-360.0,-82.0,-135.0,-229.0,685.0,-190.0,-1391.0,-205.0,6
4059,-38.0,-352.0,-84.0,-110.0,-288.0,769.0,-152.0,-1364.0,-222.0,6
4060,-24.0,-346.0,-89.0,-91.0,-315.0,843.0,-111.0,-1335.0,-235.0,6
4061,-14.0,-333.0,-89.0,-86.0,-329.0,899.0,-57.0,-1309.0,-248.0,6
4062,-1.0,-329.0,-95.0,-98.0,-338.0,932.0,-9.0,-1294.0,-264.0,6
4063,13.0,-322.0,-90.0,-121.0,-344.0,931.0,46.0,-1243.0,-256.0,6
4064,27.0,-320.0,-90.0,-137.0,-339.0,905.0,92.0,-1211.0,-237.0,6
4065,34.0,-309.0,-83.0,-135.0,-321.0,853.0,129.0,-1191.0,-208.0,6
4066,46.0,-305.0,-62.0,-130.0,-297.0,784.0,164.0,-1170.0,-150.0,6
4067,47.0,-304.0,-58.0,-93.0,-276.0,689.0,176.0,-1163.0,-125.0,6
4068,48.0,-315.0,-54.0,-62.0,-251.0,592.0,174.0,-1199.0,-112.0,6
4069,47.0,-327.0,-43.0,-54.0,-226.0,490.0,173.0,-1243.0,-58.0,6
4070,41.0,-342.0,-33.0,-36.0,-208.0,394.0,156.0,-1307.0,-10.0,6
4071,31.0,-360.0,-23.0,-1.0,-186.0,316.0,115.0,-1386.0,25.0,6
4072,31.0,-384.0,-26.0,52.0,-169.0,265.0,87.0,-1465.0,31.0,6
4073,15.0,-405.0,-45.0,95.0,-166.0,250.0,65.0,-1559.0,-37.0,6
4074,23.0,-428.0,-63.0,100.0,-175.0,266.0,73.0,-1660.0,-125.0,6
4075,28.0,-449.0,-78.0,74.0,-188.0,294.0,107.0,-1729.0,-180.0,6
4076,37.0,-454.0,-85.0,67.0,-208.0,320.0,140.0,-1765.0,-243.0,6
4077,44.0,-456.0,-93.0,86.0,-217.0,338.0,160.0,-1749.0,-249.0,6
4078,40.0,-437.0,-75.0,136.0,-197.0,341.0,153.0,-1677.0,-190.0,6
4079,32.0,-410.0,-58.0,211.0,-172.0,321.0,118.0,-1554.0,-116.0,6
4080,23.0,-378.0,-42.0,291.0,-176.0,284.0,79.0,-1445.0,-55.0,6
4081,14.0,-348.0,-36.0,347.0,-206.0,241.0,61.0,-1341.0,-5.0,6
4082,12.0,-322.0,-22.0,358.0,-246.0,202.0,45.0,-1244.0,30.0,6
4083,13.0,-303.0,-17.0,338.0,-270.0,166.0,41.0,-1171.0,47.0,6
4084,9.0,-285.0,-17.0,302.0,-262.0,131.0,32.0,-1116.0,57.0,6
4085,10.0,-272.0,-16.0,264.0,-221.0,93.0,15.0,-1062.0,58.0,6
4086,-2.0,-260.0,-14.0,233.0,-161.0,54.0,-15.0,-1017.0,62.0,6
4087,-11.0,-252.0,-18.0,201.0,-107.0,16.0,-47.0,-982.0,60.0,6
4088,-19.0,-244.0,-16.0,174.0,-72.0,-13.0,-76.0,-944.0,63.0,6
4089,-27.0,-232.0,-18.0,151.0,-62.0,-35.0,-103.0,-905.0,61.0,6
4090,-28.0,-229.0,-22.0,137.0,-70.0,-49.0,-108.0,-889.0,46.0,6
4091,-28.0,-223.0,-28.0,129.0,-84.0,-59.0,-110.0,-876.0,18.0,6
4092,-31.0,-226.0,-35.0,122.0,-93.0,-62.0,-112.0,-878.0,-6.0,6
4093,-24.0,-226.0,-42.0,107.0,-96.0,-61.0,-106.0,-891.0,-29.0,6
4094,-24.0,-229.0,-44.0,87.0,-96.0,-59.0,-95.0,-896.0,-38.0,6
4095,-27.0,-231.0,-37.0,56.0,-96.0,-55.0,-100.0,-911.0,-34.0,6
4096,-23.0,-241.0,-39.0,19.0,-98.0,-48.0,-96.0,-932.0,-25.0,6
4097,-23.0,-242.0,-30.0,-19.0,-107.0,-39.0,-96.0,-940.0,5.0,6
4098,-18.0,-246.0,-25.0,-46.0,-127.0,-29.0,-84.0,-952.0,26.0,6
4099,-18.0,-248.0,-22.0,-63.0,-153.0,-21.0,-73.0,-968.0,33.0,6
4100,-17.0,-251.0,-24.0,-74.0,-186.0,-14.0,-59.0,-973.0,32.0,6
4101,-10.0,-253.0,-28.0,-81.0,-221.0,-9.0,-40.0,-977.0,30.0,6
4102,-3.0,-253.0,-25.0,-91.0,-255.0,-8.0,-18.0,-980.0,24.0,6
4103,1.0,-252.0,-30.0,-106.0,-280.0,-10.0,8.0,-979.0,12.0,6
4104,12.0,-251.0,-31.0,-125.0,-297.0,-14.0,26.0,-973.0,10.0,6
4105,13.0,-250.0,-27.0,-149.0,-308.0,-22.0,52.0,-959.0,15.0,6
4106,19.0,-248.0,-27.0,-177.0,-310.0,-29.0,57.0,-956.0,15.0,6
4107,19.0,-242.0,-25.0,-206.0,-300.0,-38.0,77.0,-957.0,22.0,6
4108,22.0,-245.0,-24.0,-236.0,-287.0,-46.0,77.0,-950.0,26.0,6
4109,23.0,-248.0,-21.0,-267.0,-273.0,-50.0,83.0,-958.0,31.0,6
4110,27.0,-249.0,-20.0,-293.0,-256.0,-51.0,88.0,-963.0,43.0,6
4111,24.0,-253.0,-19.0,-309.0,-240.0,-51.0,104.0,-989.0,52.0,6
4112,27.0,-259.0,-15.0,-316.0,-227.0,-50.0,102.0,-1012.0,60.0,6
4113,27.0,-262.0,-18.0,-315.0,-210.0,-46.0,96.0,-1022.0,64.0,6
4114,23.0,-269.0,-14.0,-303.0,-191.0,-39.0,90.0,-1038.0,68.0,6
4115,23.0,-271.0,-16.0,-283.0,-172.0,-30.0,83.0,-1051.0,71.0,6
4116,21.0,-275.0,-12.0,-263.0,-150.0,-21.0,74.0,-1062.0,74.0,6
4117,18.0,-279.0,-11.0,-239.0,-128.0,-12.0,76.0,-1079.0,79.0,6
4118,19.0,-279.0,-10.0,-215.0,-102.0,-3.0,68.0,-1079.0,83.0,6
4119,16.0,-279.0,-11.0,-189.0,-72.0,5.0,67.0,-1091.0,88.0,6
4120,16.0,-284.0,-7.0,-157.0,-39.0,13.0,60.0,-1092.0,86.0,6
4121,15.0,-279.0,-7.0,-125.0,-5.0,19.0,57.0,-1091.0,85.0,6
4122,18.0,-278.0,-5.0,-91.0,32.0,22.0,49.0,-1081.0,88.0,6
4123,11.0,-271.0,-9.0,-58.0,70.0,25.0,45.0,-1061.0,87.0,6
4124,10.0,-265.0,-11.0,-27.0,106.0,26.0,45.0,-1038.0,79.0,6
4125,12.0,-261.0,-12.0,-5.0,141.0,26.0,41.0,-1023.0,79.0,6
4126,10.0,-257.0,-10.0,7.0,173.0,24.0,36.0,-996.0,71.0,6
4127,11.0,-252.0,-17.0,8.0,199.0,22.0,33.0,-977.0,68.0,6
4128,11.0,-247.0,-13.0,1.0,223.0,21.0,30.0,-959.0,68.0,6
4129,9.0,-243.0,-13.0,-10.0,245.0,20.0,27.0,-946.0,71.0,6
4130,8.0,-238.0,-13.0,-27.0,262.0,21.0,21.0,-934.0,77.0,6
4131,3.0,-237.0,-10.0,-41.0,275.0,25.0,18.0,-929.0,80.0,6
4132,1.0,-239.0,-12.0,-53.0,287.0,28.0,15.0,-924.0,86.0,6
4133,0.0,-242.0,-6.0,-64.0,295.0,34.0,8.0,-923.0,96.0,6
4134,-3.0,-240.0,-5.0,-69.0,299.0,42.0,1.0,-938.0,101.0,6
4135,-2.0,-242.0,2.0,-71.0,298.0,50.0,0.0,-943.0,115.0,6
4136,-3.0,-241.0,-3.0,-65.0,295.0,58.0,-4.0,-944.0,110.0,6
4137,4.0,-248.0,-9.0,-59.0,291.0,63.0,-7.0,-952.0,114.0,6
4138,-2.0,-248.0,-3.0,-47.0,289.0,69.0,-8.0,-950.0,117.0,6
4139,-4.0,-247.0,-2.0,-37.0,285.0,72.0,-12.0,-955.0,121.0,6
4140,-1.0,-244.0,1.0,-31.0,282.0,74.0,-7.0,-956.0,121.0,6
4141,-6.0,-244.0,-1.0,-28.0,279.0,77.0,-12.0,-950.0,128.0,6
4142,-3.0,-240.0,5.0,-28.0,276.0,81.0,-15.0,-941.0,135.0,6
4143,-4.0,-240.0,5.0,-32.0,274.0,85.0,-9.0,-936.0,138.0,6
4144,-1.0,-236.0,10.0,-36.0,271.0,89.0,-13.0,-925.0,149.0,6
4145,-6.0,-235.0,14.0,-39.0,270.0,93.0,-18.0,-930.0,165.0,6
4146,-5.0,-236.0,17.0,-36.0,264.0,101.0,-17.0,-908.0,185.0,6
4147,-7.0,-236.0,21.0,-28.0,256.0,112.0,-23.0,-923.0,194.0,6
4148,-5.0,-236.0,20.0,-15.0,248.0,125.0,-22.0,-918.0,204.0,6
4149,-3.0,-238.0,25.0,8.0,239.0,142.0,-22.0,-925.0,211.0,6
4150,-7.0,-239.0,26.0,41.0,233.0,162.0,-17.0,-932.0,216.0,6
4151,-7.0,-242.0,28.0,84.0,234.0,183.0,-28.0,-933.0,221.0,6
4152,-4.0,-241.0,25.0,134.0,250.0,206.0,-21.0,-940.0,228.0,6
4153,-2.0,-248.0,21.0,187.0,272.0,230.0,-21.0,-949.0,224.0,6
4154,-5.0,-245.0,29.0,242.0,301.0,257.0,-20.0,-948.0,227.0,6
4155,-4.0,-246.0,25.0,294.0,330.0,282.0,-14.0,-950.0,223.0,6
4156,-4.0,-244.0,21.0,339.0,356.0,305.0,-10.0,-946.0,203.0,6
4157,-3.0,-245.0,20.0,373.0,378.0,329.0,-10.0,-949.0,194.0,6
4158,3.0,-243.0,14.0,395.0,397.0,353.0,-2.0,-947.0,175.0,6
4159,0.0,-244.0,5.0,408.0,415.0,377.0,11.0,-945.0,156.0,6
4160,4.0,-246.0,4.0,415.0,432.0,399.0,15.0,-935.0,137.0,6
4161,4.0,-235.0,-5.0,414.0,451.0,419.0,22.0,-914.0,120.0,6
4162,9.0,-233.0,-4.0,411.0,467.0,437.0,30.0,-900.0,100.0,6
4163,10.0,-228.0,-10.0,404.0,484.0,452.0,42.0,-882.0,92.0,6
4164,13.0,-222.0,-11.0,394.0,498.0,461.0,46.0,-852.0,93.0,6
4165,17.0,-217.0,-6.0,381.0,510.0,462.0,58.0,-821.0,89.0,6
4166,17.0,-202.0,-13.0,369.0,517.0,456.0,65.0,-792.0,92.0,6
4167,16.0,-198.0,-8.0,353.0,522.0,446.0,63.0,-767.0,94.0,6
4168,15.0,-192.0,-2.0,332.0,524.0,429.0,62.0,-749.0,101.0,6
4169,16.0,-184.0,-5.0,307.0,526.0,407.0,56.0,-722.0,113.0,6
4170,14.0,-183.0,0.0,281.0,526.0,382.0,49.0,-701.0,119.0,6
4171,10.0,-179.0,4.0,256.0,527.0,356.0,40.0,-685.0,131.0,6
4172,8.0,-171.0,1.0,232.0,529.0,329.0,27.0,-672.0,132.0,6
4173,8.0,-172.0,2.0,207.0,534.0,301.0,18.0,-668.0,131.0,6
4174,1.0,-170.0,2.0,181.0,540.0,280.0,12.0,-655.0,132.0,6
4175,2.0,-169.0,2.0,152.0,550.0,255.0,0.0,-650.0,127.0,6
4176,-7.0,-168.0,1.0,117.0,561.0,232.0,-17.0,-644.0,126.0,6
4177,-7.0,-164.0,1.0,75.0,576.0,212.0,-27.0,-656.0,119.0,6
4178,-11.0,-167.0,2.0,28.0,589.0,195.0,-38.0,-658.0,119.0,6
4179,-14.0,-175.0,3.0,-24.0,598.0,184.0,-43.0,-677.0,134.0,6
4180,-2.0,-181.0,5.0,-74.0,606.0,174.0,-50.0,-714.0,142.0,6
4181,-14.0,-189.0,9.0,-120.0,613.0,169.0,-51.0,-733.0,155.0,6
4182,-13.0,-197.0,16.0,-155.0,618.0,166.0,-52.0,-765.0,172.0,6
4183,-16.0,-203.0,18.0,-175.0,623.0,166.0,-50.0,-803.0,181.0,6
4184,-14.0,-211.0,18.0,-182.0,625.0,166.0,-47.0,-819.0,190.0,6
4185,-14.0,-215.0,16.0,-183.0,626.0,166.0,-47.0,-839.0,189.0,6
4186,-14.0,-222.0,18.0,-183.0,627.0,169.0,-42.0,-860.0,186.0,6
4187,-12.0,-227.0,16.0,-185.0,626.0,172.0,-34.0,-878.0,182.0,6
4188,-5.0,-233.0,16.0,-188.0,629.0,171.0,-30.0,-891.0,181.0,6
4189,-8.0,-233.0,16.0,-192.0,634.0,171.0,-19.0,-903.0,174.0,6
4190,-5.0,-237.0,9.0,-197.0,638.0,169.0,-21.0,-924.0,154.0,6
4191,-4.0,-246.0,6.0,-205.0,646.0,162.0,-14.0,-929.0,154.0,6
4192,-4.0,-243.0,6.0,-207.0,659.0,150.0,-16.0,-938.0,145.0,6
4193,-10.0,-243.0,4.0,-206.0,670.0,139.0,-24.0,-944.0,142.0,6
4194,-11.0,-247.0,4.0,-206.0,679.0,130.0,-39.0,-958.0,141.0,6
4195,-13.0,-251.0,5.0,-204.0,679.0,122.0,-44.0,-970.0,145.0,6
4196,-17.0,-254.0,10.0,-207.0,674.0,120.0,-56.0,-977.0,157.0,6
4197,-14.0,-256.0,11.0,-207.0,670.0,115.0,-58.0,-997.0,168.0,6
4198,-16.0,-260.0,17.0,-201.0,670.0,114.0,-72.0,-1010.0,181.0,6
4199,-15.0,-265.0,19.0,-187.0,673.0,116.0,-65.0,-1026.0,193.0,6
4200,-16.0,-269.0,22.0,-165.0,672.0,114.0,-62.0,-1028.0,204.0,6
4201,-16.0,-266.0,26.0,-132.0,669.0,111.0,-65.0,-1032.0,211.0,6
4202,-15.0,-264.0,26.0,-92.0,665.0,106.0,-57.0,-1032.0,230.0,6
4203,-18.0,-264.0,31.0,-47.0,657.0,97.0,-66.0,-1036.0,232.0,6
4204,-16.0,-267.0,28.0,-1.0,644.0,85.0,-57.0,-1039.0,235.0,6
4205,-8.0,-269.0,31.0,48.0,624.0,75.0,-29.0,-1035.0,236.0,6
4206,-2.0,-271.0,22.0,93.0,607.0,53.0,-13.0,-1044.0,209.0,6
4207,1.0,-273.0,17.0,127.0,606.0,25.0,-4.0,-1055.0,192.0,6
4208,-3.0,-274.0,15.0,155.0,612.0,-11.0,-12.0,-1076.0,184.0,6
4209,-6.0,-285.0,14.0,183.0,608.0,-50.0,-25.0,-1099.0,166.0,6
4210,-14.0,-293.0,11.0,205.0,584.0,-93.0,-47.0,-1130.0,149.0,6
4211,-15.0,-304.0,11.0,224.0,545.0,-141.0,-54.0,-1172.0,140.0,6
4212,-16.0,-317.0,3.0,244.0,504.0,-198.0,-59.0,-1209.0,131.0,6
4213,-18.0,-317.0,-6.0,267.0,475.0,-263.0,-82.0,-1247.0,98.0,6
4214,-29.0,-336.0,-15.0,292.0,472.0,-336.0,-101.0,-1296.0,52.0,6
4215,-41.0,-344.0,-26.0,319.0,483.0,-419.0,-154.0,-1339.0,26.0,6
4216,-55.0,-349.0,-33.0,339.0,491.0,-504.0,-209.0,-1363.0,-4.0,6
4217,-64.0,-351.0,-34.0,356.0,484.0,-582.0,-254.0,-1363.0,-2.0,6
4218,-71.0,-349.0,-27.0,371.0,462.0,-648.0,-270.0,-1347.0,9.0,6
4219,-70.0,-341.0,-22.0,389.0,447.0,-699.0,-267.0,-1325.0,30.0,6
4220,-67.0,-330.0,-19.0,415.0,447.0,-732.0,-262.0,-1278.0,42.0,6
4221,-66.0,-320.0,-16.0,449.0,464.0,-751.0,-261.0,-1235.0,47.0,6
4222,-71.0,-310.0,-23.0,484.0,477.0,-759.0,-267.0,-1196.0,41.0,6
4223,-71.0,-301.0,-27.0,509.0,477.0,-757.0,-260.0,-1172.0,25.0,6
4224,-66.0,-292.0,-27.0,512.0,461.0,-754.0,-256.0,-1139.0,16.0,6
4225,-67.0,-282.0,-25.0,488.0,423.0,-750.0,-256.0,-1108.0,12.0,6
4226,-68.0,-275.0,-28.0,443.0,368.0,-742.0,-252.0,-1082.0,4.0,6
4227,-67.0,-271.0,-31.0,388.0,303.0,-728.0,-254.0,-1075.0,-10.0,6
4228,-63.0,-273.0,-42.0,324.0,234.0,-708.0,-238.0,-1079.0,-35.0,6
4229,-59.0,-279.0,-47.0,255.0,173.0,-685.0,-226.0,-1087.0,-66.0,6
4230,-55.0,-283.0,-52.0,179.0,127.0,-658.0,-217.0,-1114.0,-94.0,6
4231,-58.0,-289.0,-57.0,100.0,89.0,-625.0,-209.0,-1127.0,-103.0,6
4232,-56.0,-295.0,-49.0,25.0,51.0,-587.0,-204.0,-1152.0,-93.0,6
4233,-55.0,-303.0,-49.0,-40.0,11.0,-543.0,-202.0,-1180.0,-72.0,6
4234,-63.0,-313.0,-41.0,-90.0,-32.0,-495.0,-205.0,-1197.0,-31.0,6
4235,-56.0,-314.0,-30.0,-109.0,-80.0,-445.0,-210.0,-1215.0,1.0,6
4236,-52.0,-317.0,-18.0,-98.0,-130.0,-391.0,-205.0,-1214.0,45.0,6
4237,-51.0,-315.0,-14.0,-55.0,-179.0,-339.0,-201.0,-1209.0,74.0,6
4238,-52.0,-311.0,-10.0,3.0,-221.0,-284.0,-197.0,-1191.0,81.0,6
4239,-53.0,-304.0,-8.0,61.0,-256.0,-229.0,-194.0,-1176.0,81.0,6
4240,-51.0,-298.0,-10.0,104.0,-290.0,-177.0,-194.0,-1159.0,74.0,6
4241,-46.0,-294.0,-12.0,128.0,-323.0,-132.0,-179.0,-1143.0,74.0,6
4242,-45.0,-295.0,-11.0,138.0,-354.0,-93.0,-170.0,-1139.0,72.0,6
4243,-45.0,-291.0,-6.0,138.0,-385.0,-60.0,-166.0,-1145.0,82.0,6
4244,-39.0,-305.0,-13.0,133.0,-419.0,-40.0,-147.0,-1173.0,87.0,6
4245,-31.0,-319.0,-6.0,121.0,-454.0,-35.0,-138.0,-1207.0,87.0,6
4246,-33.0,-328.0,-9.0,99.0,-479.0,-46.0,-125.0,-1260.0,93.0,6
4247,-27.0,-343.0,-8.0,68.0,-492.0,-75.0,-122.0,-1326.0,89.0,6
4248,-39.0,-352.0,-15.0,42.0,-500.0,-124.0,-139.0,-1370.0,71.0,6
4249,-46.0,-367.0,-26.0,3.0,-507.0,-183.0,-171.0,-1426.0,29.0,6
4250,-49.0,-378.0,-30.0,-45.0,-521.0,-239.0,-189.0,-1457.0,8.0,6
4251,-48.0,-380.0,-28.0,-89.0,-536.0,-291.0,-200.0,-1470.0,2.0,6
4252,-50.0,-377.0,-24.0,-105.0,-542.0,-324.0,-194.0,-1456.0,0.0,6
4253,-47.0,-370.0,-27.0,-86.0,-529.0,-332.0,-182.0,-1430.0,14.0,6
4254,-33.0,-356.0,-23.0,-28.0,-494.0,-313.0,-154.0,-1375.0,35.0,6
4255,-28.0,-340.0,-19.0,55.0,-449.0,-276.0,-108.0,-1314.0,41.0,6
4256,-14.0,-321.0,-19.0,131.0,-398.0,-233.0,-60.0,-1244.0,46.0,6
4257,-6.0,-304.0,-19.0,179.0,-347.0,-189.0,-26.0,-1175.0,50.0,6
4258,0.0,-281.0,-13.0,197.0,-307.0,-144.0,2.0,-1104.0,63.0,6
4259,7.0,-261.0,-10.0,190.0,-284.0,-101.0,33.0,-1025.0,69.0,6
4260,13.0,-246.0,-14.0,160.0,-274.0,-57.0,57.0,-964.0,76.0,6
4261,18.0,-230.0,-9.0,120.0,-271.0,-15.0,70.0,-905.0,80.0,6
4262,24.0,-222.0,-9.0,75.0,-265.0,26.0,87.0,-871.0,88.0,6
4263,27.0,-215.0,-10.0,32.0,-258.0,64.0,103.0,-838.0,96.0,6
4264,30.0,-214.0,-3.0,-7.0,-245.0,99.0,106.0,-832.0,110.0,6
4265,28.0,-217.0,-3.0,-36.0,-227.0,128.0,103.0,-839.0,116.0,6
4266,24.0,-220.0,2.0,-64.0,-209.0,152.0,94.0,-864.0,124.0,6
4267,21.0,-234.0,3.0,-89.0,-190.0,166.0,81.0,-899.0,126.0,6
4268,15.0,-244.0,5.0,-113.0,-177.0,172.0,61.0,-946.0,133.0,6
4269,12.0,-254.0,8.0,-135.0,-169.0,173.0,40.0,-980.0,150.0,6
4270,7.0,-261.0,10.0,-152.0,-162.0,167.0,23.0,-1008.0,162.0,6
4271,0.0,-269.0,17.0,-157.0,-157.0,159.0,6.0,-1031.0,179.0,6
4272,-6.0,-269.0,14.0,-146.0,-146.0,150.0,-20.0,-1048.0,176.0,6
4273,-11.0,-272.0,16.0,-125.0,-134.0,144.0,-33.0,-1050.0,183.0,6
4274,-13.0,-271.0,16.0,-98.0,-123.0,135.0,-46.0,-1048.0,172.0,6
4275,-18.0,-265.0,14.0,-74.0,-112.0,130.0,-69.0,-1036.0,163.0,6
4276,-23.0,-260.0,13.0,-56.0,-105.0,125.0,-88.0,-1021.0,148.0,6
4277,-35.0,-257.0,9.0,-50.0,-103.0,124.0,-101.0,-1008.0,143.0,6
4278,-34.0,-252.0,7.0,-59.0,-109.0,121.0,-120.0,-985.0,132.0,6
4279,-35.0,-247.0,4.0,-76.0,-118.0,118.0,-138.0,-972.0,133.0,6
4280,-39.0,-242.0,2.0,-109.0,-131.0,116.0,-149.0,-956.0,132.0,6
4281,-41.0,-243.0,6.0,-147.0,-145.0,114.0,-156.0,-946.0,141.0,6
4282,-45.0,-242.0,8.0,-188.0,-161.0,108.0,-160.0,-944.0,145.0,6
4283,-44.0,-245.0,10.0,-224.0,-173.0,103.0,-171.0,-945.0,153.0,6
4284,-42.0,-243.0,9.0,-251.0,-184.0,97.0,-164.0,-953.0,154.0,6
4285,-37.0,-249.0,9.0,-270.0,-194.0,89.0,-161.0,-959.0,154.0,6
4286,-40.0,-247.0,11.0,-283.0,-199.0,82.0,-146.0,-961.0,158.0,6
4287,-33.0,-247.0,9.0,-284.0,-199.0,74.0,-133.0,-966.0,161.0,6
4288,-29.0,-248.0,13.0,-279.0,-196.0,67.0,-122.0,-970.0,155.0,6
4289,-26.0,-250.0,10.0,-272.0,-190.0,58.0,-97.0,-967.0,146.0,6
4290,-21.0,-250.0,10.0,-261.0,-183.0,46.0,-85.0,-960.0,145.0,6
4291,-16.0,-247.0,6.0,-246.0,-177.0,36.0,-70.0,-954.0,136.0,6
4292,-15.0,-242.0,2.0,-231.0,-172.0,25.0,-47.0,-943.0,129.0,6
4293,-12.0,-239.0,-1.0,-221.0,-169.0,14.0,-40.0,-926.0,124.0,6
4294,-7.0,-235.0,-1.0,-209.0,-167.0,6.0,-36.0,-903.0,130.0,6
4295,-10.0,-229.0,2.0,-202.0,-168.0,0.0,-30.0,-888.0,133.0,6
4296,-8.0,-225.0,2.0,-196.0,-170.0,-4.0,-16.0,-874.0,138.0,6
4297,-6.0,-224.0,6.0,-192.0,-175.0,-6.0,-11.0,-860.0,145.0,6
4298,-1.0,-220.0,7.0,-193.0,-176.0,-9.0,-9.0,-849.0,164.0,6
4299,-1.0,-215.0,14.0,-189.0,-172.0,-12.0,-5.0,-837.0,172.0,6
4300,-3.0,-213.0,15.0,-185.0,-166.0,-17.0,4.0,-834.0,178.0,6
4301,-2.0,-218.0,16.0,-178.0,-157.0,-27.0,-9.0,-832.0,185.0,6
4302,-2.0,-215.0,17.0,-172.0,-145.0,-37.0,-6.0,-835.0,188.0,6
4303,-2.0,-217.0,17.0,-165.0,-138.0,-50.0,-8.0,-839.0,190.0,6
4304,0.0,-216.0,17.0,-159.0,-129.0,-65.0,-9.0,-840.0,194.0,6
4305,2.0,-219.0,16.0,-159.0,-120.0,-84.0,-9.0,-854.0,189.0,6
4306,-2.0,-220.0,15.0,-158.0,-113.0,-104.0,-1.0,-847.0,190.0,6
4307,-1.0,-222.0,14.0,-155.0,-112.0,-128.0,-12.0,-851.0,187.0,6
4308,-4.0,-217.0,16.0,-153.0,-116.0,-150.0,-10.0,-845.0,175.0,6
4309,-1.0,-219.0,13.0,-151.0,-121.0,-171.0,-9.0,-840.0,166.0,6
4310,-1.0,-219.0,2.0,-150.0,-126.0,-191.0,-8.0,-829.0,159.0,6
4311,-4.0,-209.0,-2.0,-144.0,-131.0,-209.0,-12.0,-813.0,141.0,6
4312,-3.0,-204.0,1.0,-145.0,-133.0,-227.0,-18.0,-798.0,125.0,6
4313,-4.0,-198.0,-9.0,-151.0,-135.0,-244.0,-15.0,-770.0,93.0,6
4314,-5.0,-189.0,-17.0,-175.0,-136.0,-256.0,-23.0,-733.0,63.0,6
4315,-6.0,-177.0,-32.0,-212.0,-135.0,-265.0,-21.0,-695.0,26.0,6
4316,-7.0,-162.0,-40.0,-250.0,-133.0,-272.0,-29.0,-650.0,-23.0,6
4317,-11.0,-149.0,-49.0,-316.0,-125.0,-276.0,-41.0,-604.0,-55.0,6
4318,-12.0,-135.0,-59.0,-397.0,-117.0,-275.0,-43.0,-553.0,-96.0,6
4319,-13.0,-127.0,-66.0,-488.0,-103.0,-270.0,-42.0,-502.0,-113.0,6
4320,-14.0,-125.0,-60.0,-586.0,-85.0,-263.0,-51.0,-471.0,-110.0,6
4321,-11.0,-113.0,-53.0,-683.0,-63.0,-252.0,-47.0,-442.0,-88.0,6
4322,-10.0,-113.0,-46.0,-778.0,-32.0,-236.0,-39.0,-435.0,-56.0,6
4323,-9.0,-115.0,-38.0,-853.0,-3.0,-220.0,-30.0,-441.0,-3.0,6
4324,0.0,-121.0,-19.0,-909.0,37.0,-204.0,-20.0,-466.0,51.0,6
4325,-1.0,-129.0,0.0,-945.0,78.0,-194.0,-11.0,-498.0,111.0,6
4326,4.0,-144.0,15.0,-957.0,113.0,-191.0,4.0,-542.0,176.0,6
4327,8.0,-159.0,32.0,-942.0,140.0,-197.0,22.0,-607.0,237.0,6
4328,11.0,-178.0,50.0,-906.0,159.0,-207.0,35.0,-679.0,299.0,6
4329,13.0,-197.0,64.0,-851.0,169.0,-225.0,47.0,-750.0,363.0,6
4330,10.0,-220.0,73.0,-777.0,165.0,-251.0,41.0,-829.0,416.0,6
4331,14.0,-237.0,83.0,-690.0,151.0,-281.0,50.0,-912.0,436.0,6
4332,9.0,-257.0,81.0,-602.0,128.0,-319.0,38.0,-979.0,436.0,6
4333,6.0,-273.0,75.0,-522.0,102.0,-362.0,33.0,-1053.0,422.0,6
4334,5.0,-293.0,70.0,-461.0,77.0,-411.0,21.0,-1134.0,386.0,6
4335,0.0,-313.0,53.0,-419.0,55.0,-469.0,14.0,-1196.0,337.0,6
4336,-4.0,-329.0,42.0,-397.0,38.0,-535.0,-15.0,-1262.0,273.0,6
4337,-14.0,-345.0,21.0,-398.0,22.0,-604.0,-42.0,-1332.0,209.0,6
4338,-20.0,-354.0,4.0,-417.0,6.0,-667.0,-82.0,-1385.0,145.0,6
4339,-32.0,-363.0,-9.0,-447.0,-14.0,-719.0,-118.0,-1417.0,89.0,6
4340,-39.0,-367.0,-19.0,-477.0,-40.0,-755.0,-149.0,-1437.0,57.0,6
4341,-48.0,-371.0,-22.0,-491.0,-68.0,-770.0,-173.0,-1436.0,33.0,6
4342,-48.0,-364.0,-29.0,-472.0,-89.0,-763.0,-177.0,-1409.0,23.0,6
4343,-45.0,-352.0,-26.0,-416.0,-100.0,-730.0,-168.0,-1362.0,20.0,6
4344,-35.0,-335.0,-27.0,-342.0,-102.0,-675.0,-148.0,-1302.0,24.0,6
4345,-30.0,-316.0,-19.0,-264.0,-93.0,-612.0,-127.0,-1218.0,26.0,6
4346,-23.0,-291.0,-20.0,-201.0,-81.0,-548.0,-103.0,-1146.0,42.0,6
4347,-19.0,-270.0,-16.0,-173.0,-73.0,-483.0,-81.0,-1076.0,58.0,6
4348,-16.0,-255.0,-15.0,-178.0,-70.0,-419.0,-75.0,-1006.0,63.0,6
4349,-13.0,-236.0,-10.0,-218.0,-76.0,-358.0,-46.0,-946.0,75.0,6
4350,-11.0,-225.0,-7.0,-272.0,-88.0,-302.0,-37.0,-892.0,88.0,6
4351,-7.0,-213.0,-2.0,-330.0,-102.0,-248.0,-20.0,-854.0,95.0,6
4352,-4.0,-211.0,-5.0,-381.0,-115.0,-198.0,-11.0,-832.0,105.0,6
4353,-1.0,-210.0,-14.0,-423.0,-121.0,-156.0,-2.0,-824.0,110.0,6
4354,2.0,-210.0,-2.0,-454.0,-122.0,-121.0,8.0,-831.0,118.0,6
4355,6.0,-218.0,5.0,-473.0,-116.0,-88.0,22.0,-848.0,128.0,6
4356,10.0,-223.0,3.0,-477.0,-107.0,-60.0,31.0,-859.0,134.0,6
4357,11.0,-226.0,6.0,-468.0,-98.0,-36.0,32.0,-870.0,141.0,6
4358,12.0,-226.0,10.0,-442.0,-88.0,-16.0,37.0,-879.0,143.0,6
4359,12.0,-230.0,14.0,-412.0,-80.0,1.0,43.0,-889.0,149.0,6
4360,11.0,-230.0,11.0,-383.0,-77.0,17.0,41.0,-896.0,158.0,6
4361,15.0,-236.0,11.0,-354.0,-79.0,30.0,59.0,-903.0,162.0,6
4362,17.0,-236.0,13.0,-325.0,-79.0,38.0,62.0,-904.0,160.0,6
4363,17.0,-239.0,12.0,-301.0,-75.0,46.0,60.0,-914.0,160.0,6
4364,8.0,-242.0,10.0,-276.0,-68.0,51.0,59.0,-926.0,140.0,6
4365,15.0,-243.0,-1.0,-257.0,-70.0,57.0,57.0,-937.0,123.0,6
4366,13.0,-252.0,-4.0,-241.0,-76.0,58.0,57.0,-960.0,104.0,6
4367,9.0,-255.0,-9.0,-221.0,-78.0,57.0,31.0,-974.0,82.0,6
4368,1.0,-262.0,-18.0,-193.0,-79.0,59.0,-1.0,-1007.0,61.0,6
4369,-9.0,-271.0,-25.0,-160.0,-89.0,68.0,-28.0,-1048.0,30.0,6
4370,-16.0,-277.0,-37.0,-130.0,-115.0,83.0,-46.0,-1086.0,-14.0,6
4371,-16.0,-293.0,-45.0,-109.0,-157.0,113.0,-46.0,-1133.0,-65.0,6
4372,-12.0,-302.0,-65.0,-111.0,-200.0,155.0,-41.0,-1185.0,-124.0,6
4373,-6.0,-318.0,-80.0,-135.0,-226.0,211.0,-18.0,-1233.0,-188.0,6
4374,-1.0,-330.0,-95.0,-181.0,-232.0,267.0,-8.0,-1294.0,-248.0,6
4375,2.0,-347.0,-105.0,-236.0,-213.0,320.0,-17.0,-1345.0,-294.0,6
4376,-14.0,-358.0,-111.0,-287.0,-187.0,367.0,-50.0,-1387.0,-321.0,6
4377,-18.0,-368.0,-114.0,-327.0,-177.0,413.0,-83.0,-1427.0,-331.0,6
4378,-26.0,-376.0,-109.0,-347.0,-196.0,455.0,-93.0,-1456.0,-312.0,6
4379,-25.0,-379.0,-99.0,-335.0,-246.0,498.0,-88.0,-1464.0,-291.0,6
4380,-15.0,-383.0,-92.0,-289.0,-300.0,540.0,-47.0,-1466.0,-250.0,6
4381,0.0,-375.0,-80.0,-213.0,-339.0,568.0,-10.0,-1430.0,-206.0,6
4382,7.0,-369.0,-71.0,-112.0,-350.0,579.0,18.0,-1402.0,-169.0,6
4383,16.0,-346.0,-66.0,1.0,-337.0,577.0,50.0,-1352.0,-143.0,6
4384,26.0,-334.0,-63.0,106.0,-309.0,561.0,86.0,-1288.0,-134.0,6
4385,33.0,-316.0,-61.0,194.0,-273.0,526.0,112.0,-1214.0,-144.0,6
4386,33.0,-298.0,-72.0,251.0,-229.0,483.0,119.0,-1152.0,-166.0,6
4387,32.0,-285.0,-77.0,273.0,-191.0,437.0,126.0,-1103.0,-186.0,6
4388,34.0,-274.0,-83.0,269.0,-164.0,385.0,123.0,-1069.0,-218.0,6
4389,32.0,-269.0,-85.0,243.0,-149.0,328.0,119.0,-1040.0,-224.0,6
4390,33.0,-267.0,-81.0,206.0,-134.0,275.0,109.0,-1037.0,-205.0,6
4391,24.0,-270.0,-70.0,174.0,-112.0,227.0,101.0,-1040.0,-165.0,6
4392,16.0,-279.0,-56.0,156.0,-89.0,188.0,70.0,-1083.0,-127.0,6
4393,12.0,-293.0,-55.0,160.0,-76.0,169.0,50.0,-1139.0,-93.0,6
4394,7.0,-315.0,-52.0,181.0,-72.0,176.0,26.0,-1209.0,-91.0,6
4395,3.0,-333.0,-51.0,203.0,-79.0,212.0,36.0,-1296.0,-96.0,6
4396,16.0,-356.0,-63.0,214.0,-92.0,274.0,56.0,-1389.0,-131.0,6
4397,29.0,-382.0,-76.0,199.0,-103.0,354.0,103.0,-1477.0,-174.0,6
4398,38.0,-402.0,-75.0,166.0,-95.0,432.0,141.0,-1559.0,-189.0,6
4399,43.0,-417.0,-72.0,135.0,-71.0,503.0,164.0,-1621.0,-180.0,6
4400,45.0,-428.0,-59.0,132.0,-36.0,562.0,170.0,-1644.0,-117.0,6
4401,37.0,-426.0,-33.0,177.0,-23.0,604.0,156.0,-1645.0,-31.0,6
4402,36.0,-422.0,-17.0,273.0,-48.0,628.0,150.0,-1605.0,56.0,6
4403,34.0,-403.0,4.0,408.0,-110.0,634.0,138.0,-1551.0,113.0,6
4404,26.0,-383.0,1.0,557.0,-188.0,620.0,126.0,-1476.0,125.0,6
4405,27.0,-355.0,-5.0,686.0,-262.0,593.0,110.0,-1399.0,103.0,6
4406,27.0,-338.0,-17.0,773.0,-308.0,551.0,87.0,-1307.0,69.0,6
4407,18.0,-312.0,-34.0,805.0,-318.0,501.0,64.0,-1218.0,20.0,6
4408,10.0,-289.0,-41.0,777.0,-288.0,443.0,25.0,-1142.0,-17.0,6
4409,1.0,-268.0,-39.0,708.0,-231.0,381.0,0.0,-1063.0,-30.0,6
4410,-2.0,-253.0,-42.0,617.0,-165.0,320.0,-25.0,-999.0,-26.0,6
4411,-10.0,-243.0,-35.0,514.0,-94.0,257.0,-41.0,-958.0,-14.0,6
4412,-14.0,-234.0,-32.0,412.0,-32.0,200.0,-53.0,-918.0,5.0,6
4413,-14.0,-228.0,-24.0,317.0,8.0,147.0,-57.0,-897.0,30.0,6
4414,-15.0,-227.0,-16.0,232.0,30.0,99.0,-51.0,-891.0,43.0,6
4415,-12.0,-230.0,-18.0,166.0,43.0,55.0,-47.0,-896.0,57.0,6
4416,-9.0,-236.0,-15.0,119.0,52.0,19.0,-42.0,-901.0,64.0,6
4417,-10.0,-237.0,-19.0,100.0,57.0,-8.0,-36.0,-927.0,65.0,6
4418,-8.0,-245.0,-19.0,92.0,65.0,-27.0,-38.0,-944.0,50.0,6
4419,-11.0,-251.0,-20.0,93.0,73.0,-39.0,-34.0,-966.0,49.0,6
4420,-6.0,-254.0,-17.0,97.0,82.0,-50.0,-23.0,-983.0,51.0,6
4421,-1.0,-258.0,-22.0,99.0,89.0,-58.0,-14.0,-995.0,40.0,6
4422,-2.0,-255.0,-26.0,97.0,93.0,-67.0,-4.0,-994.0,35.0,6
4423,5.0,-254.0,-26.0,93.0,94.0,-75.0,12.0,-986.0,24.0,6
4424,9.0,-251.0,-26.0,83.0,90.0,-83.0,26.0,-972.0,18.0,6
4425,12.0,-247.0,-30.0,72.0,87.0,-91.0,40.0,-958.0,11.0,6
4426,12.0,-243.0,-25.0,58.0,84.0,-101.0,52.0,-947.0,11.0,6
4427,18.0,-242.0,-27.0,40.0,86.0,-111.0,78.0,-935.0,10.0,6
4428,27.0,-240.0,-37.0,20.0,99.0,-121.0,83.0,-929.0,21.0,6
4429,23.0,-239.0,-30.0,-1.0,114.0,-131.0,86.0,-935.0,25.0,6
4430,25.0,-242.0,-26.0,-22.0,130.0,-137.0,96.0,-937.0,27.0,6
4431,27.0,-241.0,-27.0,-41.0,142.0,-143.0,107.0,-946.0,27.0,6
4432,30.0,-248.0,-26.0,-61.0,148.0,-147.0,113.0,-962.0,26.0,6
4433,32.0,-252.0,-27.0,-80.0,149.0,-149.0,118.0,-972.0,22.0,6
4434,32.0,-256.0,-24.0,-98.0,145.0,-148.0,116.0,-992.0,18.0,6
4435,29.0,-260.0,-31.0,-110.0,136.0,-143.0,107.0,-1014.0,19.0,6
4436,30.0,-271.0,-28.0,-118.0,127.0,-132.0,100.0,-1039.0,25.0,6
4437,21.0,-273.0,-25.0,-117.0,120.0,-115.0,82.0,-1066.0,25.0,6
4438,17.0,-279.0,-23.0,-109.0,114.0,-94.0,71.0,-1078.0,29.0,6
4439,19.0,-281.0,-26.0,-94.0,111.0,-70.0,59.0,-1089.0,30.0,6
4440,9.0,-282.0,-23.0,-71.0,110.0,-47.0,44.0,-1089.0,35.0,6
4441,7.0,-278.0,-24.0,-45.0,111.0,-27.0,35.0,-1081.0,34.0,6
4442,5.0,-273.0,-19.0,-16.0,111.0,-6.0,35.0,-1063.0,41.0,6
4443,9.0,-271.0,-19.0,15.0,113.0,10.0,25.0,-1035.0,49.0,6
4444,4.0,-263.0,-20.0,45.0,115.0,26.0,26.0,-1021.0,51.0,6
4445,9.0,-259.0,-19.0,73.0,118.0,38.0,27.0,-995.0,61.0,6
4446,6.0,-252.0,-13.0,101.0,124.0,45.0,23.0,-974.0,64.0,6
4447,8.0,-246.0,-13.0,123.0,133.0,51.0,22.0,-952.0,66.0,6
4448,10.0,-237.0,-10.0,138.0,146.0,51.0,28.0,-933.0,79.0,6
4449,5.0,-229.0,-15.0,148.0,157.0,49.0,27.0,-912.0,76.0,6
4450,10.0,-226.0,-6.0,147.0,169.0,42.0,26.0,-887.0,79.0,6
4451,7.0,-226.0,-13.0,138.0,177.0,32.0,18.0,-875.0,84.0,6
4452,4.0,-224.0,-11.0,120.0,183.0,22.0,8.0,-861.0,81.0,6
4453,1.0,-219.0,-11.0,95.0,185.0,14.0,18.0,-851.0,84.0,6
4454,0.0,-220.0,-14.0,69.0,184.0,6.0,3.0,-855.0,79.0,6
4455,2.0,-222.0,-14.0,40.0,188.0,2.0,-8.0,-862.0,70.0,6
4456,-2.0,-224.0,-14.0,14.0,193.0,2.0,-5.0,-868.0,71.0,6
4457,-3.0,-228.0,-11.0,-5.0,199.0,5.0,-15.0,-886.0,74.0,6
4458,-3.0,-234.0,-6.0,-26.0,206.0,9.0,-17.0,-895.0,78.0,6
4459,-6.0,-234.0,-9.0,-43.0,211.0,18.0,-17.0,-916.0,78.0,6
4460,-11.0,-237.0,-12.0,-55.0,213.0,30.0,-29.0,-928.0,79.0,6
4461,-11.0,-237.0,-5.0,-64.0,213.0,43.0,-34.0,-937.0,76.0,6
4462,-9.0,-245.0,-12.0,-72.0,210.0,56.0,-33.0,-946.0,76.0,6
4463,-13.0,-242.0,-14.0,-77.0,210.0,73.0,-38.0,-952.0,77.0,6
4464,-10.0,-248.0,-12.0,-84.0,211.0,89.0,-31.0,-955.0,81.0,6
4465,-9.0,-247.0,-11.0,-87.0,210.0,108.0,-30.0,-956.0,87.0,6
4466,-7.0,-248.0,-6.0,-88.0,211.0,128.0,-25.0,-958.0,92.0,6
4467,-4.0,-252.0,-3.0,-79.0,210.0,148.0,-25.0,-959.0,100.0,6
4468,-3.0,-249.0,3.0,-67.0,209.0,171.0,-22.0,-962.0,119.0,6
4469,-3.0,-250.0,0.0,-46.0,205.0,196.0,-29.0,-961.0,129.0,6
4470,-3.0,-249.0,2.0,-25.0,199.0,223.0,-12.0,-960.0,133.0,6
4471,-3.0,-246.0,6.0,3.0,189.0,238.0,-18.0,-952.0,133.0,6
4472,1.0,-245.0,4.0,33.0,182.0,262.0,-11.0,-945.0,133.0,6
4473,-3.0,-240.0,-1.0,65.0,183.0,286.0,-8.0,-934.0,125.0,6
4474,-1.0,-235.0,0.0,96.0,188.0,307.0,0.0,-929.0,117.0,6
4475,1.0,-233.0,-4.0,125.0,195.0,325.0,-4.0,-900.0,107.0,6
4476,-1.0,-228.0,-7.0,146.0,205.0,341.0,-4.0,-889.0,100.0,6
4477,0.0,-224.0,-9.0,157.0,217.0,352.0,-3.0,-876.0,88.0,6
4478,-2.0,-222.0,-6.0,156.0,232.0,364.0,-7.0,-858.0,79.0,6
4479,-1.0,-218.0,-7.0,148.0,247.0,373.0,-5.0,-845.0,76.0,6
4480,0.0,-217.0,-13.0,136.0,261.0,380.0,-6.0,-835.0,77.0,6
4481,-1.0,-214.0,-11.0,122.0,275.0,386.0,-10.0,-833.0,74.0,6
4482,-3.0,-212.0,-13.0,106.0,286.0,389.0,-13.0,-829.0,73.0,6
4483,-7.0,-214.0,-10.0,88.0,289.0,391.0,-19.0,-829.0,79.0,6
4484,-7.0,-216.0,-10.0,67.0,288.0,392.0,-20.0,-836.0,85.0,6
4485,-8.0,-220.0,-7.0,51.0,286.0,393.0,-26.0,-846.0,90.0,6
4486,-12.0,-223.0,-3.0,43.0,281.0,391.0,-40.0,-856.0,102.0,6
4487,-16.0,-225.0,-1.0,39.0,272.0,388.0,-53.0,-866.0,112.0,6
4488,-15.0,-229.0,-1.0,40.0,260.0,383.0,-54.0,-880.0,110.0,6
4489,-16.0,-230.0,-3.0,43.0,246.0,374.0,-66.0,-890.0,114.0,6
4490,-16.0,-234.0,-8.0,46.0,233.0,363.0,-75.0,-907.0,107.0,6
4491,-19.0,-235.0,-1.0,49.0,219.0,348.0,-79.0,-904.0,101.0,6
4492,-18.0,-236.0,-8.0,51.0,213.0,331.0,-83.0,-922.0,83.0,6
4493,-22.0,-235.0,-12.0,49.0,212.0,311.0,-85.0,-918.0,80.0,6
4494,-22.0,-237.0,-13.0,41.0,210.0,288.0,-90.0,-927.0,70.0,6
4495,-19.0,-237.0,-15.0,25.0,205.0,265.0,-92.0,-922.0,67.0,6
4496,-19.0,-234.0,-16.0,4.0,200.0,243.0,-92.0,-926.0,67.0,6
4497,-16.0,-237.0,-15.0,-15.0,200.0,220.0,-84.0,-920.0,69.0,6
4498,-21.0,-233.0,-16.0,-33.0,198.0,195.0,-84.0,-911.0,67.0,6
4499,-19.0,-236.0,-16.0,-50.0,195.0,171.0,-83.0,-916.0,58.0,6
4500,-21.0,-236.0,-19.0,-69.0,190.0,152.0,-87.0,-915.0,54.0,6
4501,-18.0,-236.0,-20.0,-87.0,187.0,135.0,-86.0,-906.0,50.0,6
4502,-20.0,-235.0,-23.0,-107.0,185.0,119.0,-74.0,-905.0,49.0,6
4503,-18.0,-231.0,-18.0,-127.0,186.0,106.0,-78.0,-894.0,51.0,6
4504,-16.0,-230.0,-18.0,-142.0,185.0,97.0,-64.0,-890.0,42.0,6
4505,-14.0,-228.0,-22.0,-156.0,191.0,93.0,-60.0,-884.0,47.0,6
4506,-16.0,-229.0,-20.0,-169.0,199.0,92.0,-67.0,-890.0,55.0,6
4507,-13.0,-233.0,-17.0,-187.0,206.0,91.0,-55.0,-897.0,65.0,6
4508,-16.0,-233.0,-14.0,-200.0,212.0,90.0,-66.0,-905.0,72.0,6
4509,-15.0,-238.0,-7.0,-208.0,215.0,89.0,-66.0,-922.0,91.0,6
4510,-16.0,-237.0,-9.0,-212.0,218.0,92.0,-70.0,-932.0,94.0,6
4511,-16.0,-246.0,-3.0,-203.0,220.0,97.0,-75.0,-939.0,108.0,6
4512,-16.0,-247.0,-1.0,-188.0,226.0,98.0,-75.0,-955.0,115.0,6
4513,-16.0,-248.0,0.0,-165.0,230.0,99.0,-73.0,-964.0,125.0,6
4514,-18.0,-253.0,2.0,-138.0,232.0,101.0,-76.0,-974.0,124.0,6
4515,-19.0,-258.0,3.0,-111.0,230.0,102.0,-79.0,-982.0,129.0,6
4516,-22.0,-255.0,2.0,-83.0,223.0,102.0,-80.0,-983.0,123.0,6
4517,-20.0,-254.0,-3.0,-59.0,211.0,103.0,-83.0,-981.0,117.0,6
4518,-18.0,-253.0,1.0,-44.0,199.0,102.0,-74.0,-987.0,111.0,6
4519,-16.0,-252.0,-2.0,-35.0,187.0,98.0,-73.0,-978.0,114.0,6
4520,-21.0,-250.0,3.0,-34.0,174.0,96.0,-80.0,-973.0,111.0,6
4521,-20.0,-248.0,-1.0,-36.0,158.0,92.0,-81.0,-971.0,121.0,6
4522,-22.0,-246.0,5.0,-38.0,136.0,90.0,-84.0,-955.0,135.0,6
4523,-25.0,-245.0,8.0,-36.0,117.0,85.0,-93.0,-956.0,144.0,6
4524,-31.0,-247.0,14.0,-32.0,95.0,83.0,-119.0,-944.0,164.0,6
4525,-33.0,-244.0,17.0,-25.0,70.0,83.0,-131.0,-938.0,179.0,6
4526,-36.0,-243.0,19.0,-21.0,39.0,85.0,-147.0,-943.0,184.0,6
4527,-44.0,-240.0,18.0,-16.0,5.0,92.0,-165.0,-937.0,193.0,6
4528,-44.0,-239.0,16.0,-12.0,-28.0,103.0,-162.0,-946.0,192.0,6
4529,-44.0,-241.0,17.0,-7.0,-61.0,117.0,-165.0,-945.0,182.0,6
4530,-43.0,-244.0,18.0,-2.0,-87.0,133.0,-165.0,-953.0,184.0,6
4531,-41.0,-244.0,18.0,4.0,-111.0,149.0,-158.0,-954.0,192.0,6
4532,-38.0,-246.0,17.0,12.0,-131.0,164.0,-140.0,-950.0,190.0,6
4533,-32.0,-243.0,16.0,24.0,-153.0,174.0,-121.0,-944.0,188.0,6
4534,-27.0,-241.0,18.0,35.0,-173.0,181.0,-107.0,-934.0,179.0,6
4535,-26.0,-242.0,13.0,44.0,-189.0,181.0,-92.0,-938.0,172.0,6
4536,-19.0,-237.0,15.0,52.0,-205.0,179.0,-77.0,-926.0,179.0,6
4537,-9.0,-238.0,17.0,63.0,-226.0,173.0,-53.0,-919.0,175.0,6
4538,-8.0,-237.0,13.0,73.0,-241.0,160.0,-25.0,-921.0,174.0,6
4539,-7.0,-234.0,16.0,82.0,-242.0,140.0,-17.0,-907.0,174.0,6
4540,-6.0,-238.0,16.0,93.0,-235.0,117.0,-17.0,-924.0,173.0,6
4541,-7.0,-241.0,16.0,103.0,-235.0,85.0,-29.0,-936.0,175.0,6
4542,-13.0,-245.0,16.0,111.0,-242.0,50.0,-34.0,-949.0,176.0,6
4543,-16.0,-253.0,14.0,115.0,-258.0,19.0,-59.0,-971.0,173.0,6
4544,-19.0,-256.0,10.0,112.0,-282.0,-11.0,-83.0,-1010.0,173.0,6
4545,-25.0,-274.0,10.0,107.0,-308.0,-41.0,-102.0,-1045.0,160.0,6
4546,-22.0,-282.0,6.0,106.0,-328.0,-71.0,-97.0,-1092.0,134.0,6
4547,-21.0,-294.0,-13.0,103.0,-335.0,-109.0,-91.0,-1140.0,94.0,6
4548,-18.0,-303.0,-30.0,91.0,-323.0,-159.0,-95.0,-1188.0,32.0,6
4549,-26.0,-324.0,-37.0,66.0,-294.0,-221.0,-100.0,-1237.0,-23.0,6
4550,-27.0,-334.0,-47.0,33.0,-266.0,-289.0,-110.0,-1293.0,-68.0,6
4551,-29.0,-344.0,-52.0,9.0,-254.0,-352.0,-119.0,-1328.0,-97.0,6
4552,-26.0,-349.0,-61.0,2.0,-250.0,-412.0,-118.0,-1345.0,-111.0,6
4553,-26.0,-348.0,-62.0,24.0,-245.0,-463.0,-118.0,-1348.0,-119.0,6
4554,-23.0,-345.0,-57.0,65.0,-225.0,-510.0,-113.0,-1328.0,-127.0,6
4555,-33.0,-336.0,-53.0,110.0,-193.0,-547.0,-130.0,-1299.0,-119.0,6
4556,-44.0,-323.0,-53.0,147.0,-165.0,-571.0,-164.0,-1245.0,-98.0,6
4557,-53.0,-310.0,-50.0,171.0,-156.0,-577.0,-195.0,-1207.0,-72.0,6
4558,-57.0,-301.0,-54.0,186.0,-165.0,-562.0,-209.0,-1168.0,-54.0,6
4559,-57.0,-292.0,-38.0,199.0,-181.0,-534.0,-220.0,-1134.0,-32.0,6
4560,-58.0,-284.0,-34.0,212.0,-197.0,-495.0,-220.0,-1110.0,-18.0,6
4561,-55.0,-284.0,-33.0,229.0,-210.0,-449.0,-212.0,-1093.0,-10.0,6
4562,-50.0,-283.0,-36.0,248.0,-221.0,-400.0,-192.0,-1099.0,-27.0,6
4563,-47.0,-285.0,-41.0,254.0,-233.0,-359.0,-187.0,-1116.0,-38.0,6
4564,-45.0,-291.0,-45.0,236.0,-243.0,-321.0,-173.0,-1140.0,-59.0,6
4565,-44.0,-297.0,-48.0,204.0,-256.0,-296.0,-167.0,-1167.0,-63.0,6
4566,-42.0,-309.0,-47.0,170.0,-270.0,-282.0,-160.0,-1184.0,-65.0,6
4567,-40.0,-311.0,-46.0,141.0,-284.0,-274.0,-163.0,-1206.0,-64.0,6
4568,-45.0,-316.0,-46.0,124.0,-300.0,-270.0,-169.0,-1211.0,-58.0,6
4569,-42.0,-312.0,-46.0,121.0,-320.0,-266.0,-169.0,-1215.0,-55.0,6
4570,-41.0,-319.0,-43.0,123.0,-340.0,-261.0,-173.0,-1220.0,-49.0,6
4571,-44.0,-316.0,-41.0,133.0,-358.0,-253.0,-172.0,-1214.0,-45.0,6
4572,-45.0,-317.0,-41.0,144.0,-373.0,-243.0,-172.0,-1218.0,-47.0,6
4573,-45.0,-312.0,-42.0,153.0,-386.0,-232.0,-175.0,-1210.0,-48.0,6
4574,-46.0,-310.0,-41.0,159.0,-396.0,-218.0,-173.0,-1199.0,-43.0,6
4575,-44.0,-310.0,-42.0,162.0,-405.0,-202.0,-176.0,-1189.0,-39.0,6
4576,-47.0,-302.0,-46.0,164.0,-413.0,-185.0,-176.0,-1174.0,-46.0,6
4577,-43.0,-297.0,-42.0,165.0,-423.0,-162.0,-175.0,-1158.0,-46.0,6
4578,-41.0,-292.0,-39.0,163.0,-431.0,-139.0,-149.0,-1126.0,-30.0,6
4579,-40.0,-287.0,-43.0,156.0,-431.0,-114.0,-154.0,-1115.0,-41.0,6
4580,-37.0,-287.0,-35.0,137.0,-418.0,-86.0,-142.0,-1099.0,-33.0,6
4581,-28.0,-277.0,-37.0,116.0,-403.0,-58.0,-125.0,-1082.0,-26.0,6
4582,-22.0,-274.0,-40.0,94.0,-387.0,-36.0,-96.0,-1067.0,-25.0,6
4583,-16.0,-272.0,-36.0,68.0,-366.0,-18.0,-77.0,-1064.0,-16.0,6
4584,-15.0,-276.0,-37.0,40.0,-336.0,-6.0,-52.0,-1073.0,-13.0,6
4585,-10.0,-273.0,-34.0,13.0,-308.0,-2.0,-32.0,-1071.0,-15.0,6
4586,-3.0,-275.0,-34.0,-13.0,-279.0,-2.0,-22.0,-1078.0,-9.0,6
4587,0.0,-276.0,-33.0,-37.0,-244.0,-3.0,-3.0,-1089.0,-3.0,6
4588,4.0,-279.0,-31.0,-54.0,-208.0,-7.0,13.0,-1093.0,9.0,6
4589,1.0,-286.0,-25.0,-65.0,-174.0,-16.0,22.0,-1108.0,15.0,6
4590,0.0,-287.0,-32.0,-71.0,-145.0,-29.0,14.0,-1127.0,12.0,6
4591,3.0,-294.0,-29.0,-82.0,-124.0,-42.0,16.0,-1141.0,11.0,6
4592,5.0,-299.0,-34.0,-102.0,-107.0,-61.0,15.0,-1154.0,-6.0,6
4593,4.0,-302.0,-33.0,-125.0,-89.0,-80.0,5.0,-1166.0,-23.0,6
4594,3.0,-304.0,-39.0,-148.0,-65.0,-99.0,-5.0,-1174.0,-23.0,6
4595,-1.0,-305.0,-41.0,-172.0,-39.0,-116.0,-13.0,-1170.0,-27.0,6
4596,-7.0,-303.0,-37.0,-186.0,-18.0,-130.0,-28.0,-1159.0,-24.0,6
4597,-12.0,-298.0,-38.0,-196.0,0.0,-138.0,-39.0,-1152.0,-32.0,6
4598,-11.0,-294.0,-37.0,-205.0,13.0,-140.0,-51.0,-1134.0,-31.0,6
4599,-16.0,-288.0,-41.0,-214.0,22.0,-135.0,-68.0,-1118.0,-23.0,6
4600,-19.0,-283.0,-36.0,-222.0,28.0,-125.0,-81.0,-1100.0,-11.0,6
4601,-27.0,-279.0,-31.0,-230.0,32.0,-111.0,-92.0,-1082.0,2.0,6
4602,-26.0,-277.0,-30.0,-241.0,28.0,-94.0,-101.0,-1067.0,9.0,6
4603,-31.0,-269.0,-27.0,-254.0,17.0,-75.0,-119.0,-1054.0,13.0,6
4604,-34.0,-265.0,-24.0,-268.0,-1.0,-54.0,-132.0,-1039.0,20.0,6
4605,-36.0,-265.0,-23.0,-282.0,-22.0,-33.0,-140.0,-1031.0,26.0,6
4606,-39.0,-265.0,-23.0,-296.0,-46.0,-10.0,-148.0,-1021.0,36.0,6
4607,-39.0,-261.0,-19.0,-304.0,-70.0,11.0,-150.0,-1021.0,48.0,6
4608,-39.0,-260.0,-14.0,-311.0,-96.0,31.0,-157.0,-1020.0,55.0,6
4609,-40.0,-264.0,-12.0,-312.0,-120.0,48.0,-161.0,-1019.0,69.0,6
4610,-43.0,-267.0,-12.0,-310.0,-146.0,62.0,-166.0,-1033.0,78.0,6
4611,-45.0,-267.0,-12.0,-305.0,-168.0,74.0,-173.0,-1041.0,83.0,6
4612,-41.0,-274.0,-12.0,-296.0,-193.0,81.0,-186.0,-1049.0,96.0,6
4613,-49.0,-277.0,-7.0,-287.0,-216.0,88.0,-188.0,-1066.0,94.0,6
4614,-50.0,-274.0,-8.0,-275.0,-235.0,90.0,-191.0,-1077.0,96.0,6
4615,-51.0,-278.0,-4.0,-263.0,-249.0,93.0,-195.0,-1082.0,94.0,6
4616,-50.0,-277.0,-10.0,-250.0,-266.0,91.0,-189.0,-1085.0,83.0,6
4617,-47.0,-278.0,-12.0,-239.0,-280.0,93.0,-186.0,-1076.0,80.0,6
4618,-42.0,-273.0,-15.0,-232.0,-293.0,94.0,-173.0,-1076.0,71.0,6
4619,-42.0,-274.0,-18.0,-225.0,-303.0,95.0,-166.0,-1072.0,63.0,6
4620,-39.0,-274.0,-17.0,-219.0,-311.0,96.0,-159.0,-1054.0,54.0,6
4621,-38.0,-267.0,-16.0,-218.0,-321.0,96.0,-148.0,-1038.0,45.0,6
4622,-35.0,-263.0,-21.0,-224.0,-328.0,99.0,-130.0,-1024.0,41.0,6
4623,-30.0,-260.0,-23.0,-234.0,-335.0,100.0,-124.0,-1011.0,35.0,6
4624,-26.0,-257.0,-18.0,-245.0,-341.0,105.0,-113.0,-1007.0,41.0,6
4625,-25.0,-255.0,-19.0,-258.0,-346.0,109.0,-96.0,-996.0,45.0,6
4626,-22.0,-256.0,-16.0,-271.0,-351.0,112.0,-93.0,-987.0,47.0,6
4627,-22.0,-251.0,-15.0,-282.0,-354.0,114.0,-88.0,-982.0,59.0,6
4628,-18.0,-252.0,-16.0,-292.0,-356.0,114.0,-79.0,-981.0,58.0,6
4629,-18.0,-253.0,-15.0,-301.0,-354.0,114.0,-75.0,-986.0,64.0,6
4630,-16.0,-256.0,-11.0,-305.0,-347.0,112.0,-66.0,-985.0,69.0,6
4631,-15.0,-257.0,-19.0,-303.0,-337.0,109.0,-59.0,-996.0,79.0,6
4632,-12.0,-259.0,-13.0,-303.0,-323.0,106.0,-52.0,-998.0,78.0,6
4633,-10.0,-261.0,-8.0,-299.0,-308.0,101.0,-39.0,-1000.0,76.0,6
4634,-9.0,-258.0,-11.0,-293.0,-292.0,97.0,-39.0,-1001.0,79.0,6
4635,-6.0,-260.0,-13.0,-288.0,-271.0,92.0,-28.0,-1000.0,71.0,6
4636,-3.0,-259.0,-14.0,-286.0,-254.0,88.0,-21.0,-1000.0,75.0,6
4637,-3.0,-256.0,-14.0,-287.0,-237.0,84.0,-12.0,-998.0,69.0,6
4638,-2.0,-257.0,-15.0,-292.0,-221.0,81.0,-12.0,-1000.0,69.0,6
4639,-2.0,-256.0,-15.0,-298.0,-206.0,79.0,-11.0,-995.0,70.0,6
4640,-1.0,-255.0,-16.0,-306.0,-192.0,76.0,-16.0,-993.0,69.0,6
4641,-2.0,-256.0,-17.0,-316.0,-179.0,74.0,-14.0,-990.0,71.0,6
4642,-5.0,-252.0,-12.0,-325.0,-168.0,74.0,-18.0,-985.0,71.0,6
4643,-8.0,-255.0,-13.0,-333.0,-156.0,73.0,-17.0,-986.0,77.0,6
4644,-2.0,-254.0,-11.0,-340.0,-143.0,72.0,-31.0,-987.0,77.0,6
4645,-9.0,-255.0,-6.0,-346.0,-128.0,72.0,-34.0,-987.0,87.0,6
4646,-9.0,-256.0,-10.0,-348.0,-113.0,71.0,-40.0,-992.0,94.0,6
4647,-11.0,-258.0,-3.0,-347.0,-97.0,70.0,-46.0,-995.0,102.0,6
4648,-9.0,-257.0,-1.0,-342.0,-80.0,69.0,-50.0,-996.0,115.0,6
4649,-12.0,-257.0,0.0,-332.0,-61.0,66.0,-57.0,-1003.0,121.0,6
4650,-14.0,-259.0,6.0,-313.0,-44.0,65.0,-59.0,-1010.0,129.0,6
4651,-14.0,-264.0,7.0,-289.0,-27.0,62.0,-63.0,-1016.0,127.0,6
4652,-17.0,-259.0,1.0,-264.0,-9.0,59.0,-57.0,-1018.0,128.0,6
4653,-16.0,-262.0,0.0,-239.0,8.0,53.0,-71.0,-1019.0,124.0,6
4654,-15.0,-265.0,-1.0,-220.0,24.0,47.0,-68.0,-1022.0,112.0,6
4655,-14.0,-268.0,-7.0,-204.0,38.0,39.0,-65.0,-1025.0,104.0,6
4656,-15.0,-263.0,-2.0,-190.0,52.0,31.0,-65.0,-1026.0,105.0,6
4657,-15.0,-264.0,-2.0,-176.0,66.0,22.0,-59.0,-1024.0,104.0,6
4658,-14.0,-266.0,-3.0,-158.0,80.0,14.0,-60.0,-1024.0,107.0,6
4659,-16.0,-263.0,-2.0,-137.0,97.0,7.0,-60.0,-1021.0,120.0,6
4660,-14.0,-263.0,-1.0,-117.0,112.0,-3.0,-54.0,-1018.0,126.0,6
4661,-14.0,-262.0,3.0,-98.0,127.0,-10.0,-53.0,-1016.0,132.0,6
4662,-11.0,-260.0,4.0,-80.0,139.0,-20.0,-53.0,-1017.0,141.0,6
4663,-13.0,-259.0,13.0,-62.0,150.0,-30.0,-53.0,-1010.0,146.0,6
4664,-14.0,-260.0,8.0,-44.0,160.0,-39.0,-56.0,-1009.0,154.0,6
4665,-14.0,-258.0,11.0,-28.0,168.0,-49.0,-55.0,-1001.0,156.0,6
4666,-15.0,-257.0,15.0,-8.0,173.0,-58.0,-53.0,-997.0,153.0,6
4667,-12.0,-254.0,10.0,10.0,178.0,-66.0,-53.0,-992.0,153.0,6
4668,-12.0,-256.0,7.0,28.0,181.0,-78.0,-48.0,-987.0,147.0,6
4669,-15.0,-253.0,1.0,40.0,185.0,-90.0,-50.0,-981.0,140.0,6
4670,-15.0,-252.0,5.0,49.0,189.0,-103.0,-53.0,-971.0,133.0,6
4671,-16.0,-252.0,5.0,55.0,192.0,-118.0,-51.0,-967.0,129.0,6
4672,-13.0,-249.0,-3.0,61.0,195.0,-135.0,-70.0,-959.0,134.0,6
4673,-17.0,-247.0,3.0,65.0,198.0,-150.0,-66.0,-953.0,130.0,6
4674,-17.0,-245.0,3.0,70.0,200.0,-168.0,-80.0,-951.0,136.0,6
4675,-19.0,-248.0,2.0,73.0,201.0,-187.0,-88.0,-951.0,125.0,6
4676,-25.0,-248.0,2.0,75.0,198.0,-204.0,-96.0,-957.0,119.0,6
4677,-28.0,-249.0,-3.0,76.0,189.0,-222.0,-104.0,-957.0,116.0,6
4678,-30.0,-250.0,-4.0,76.0,179.0,-237.0,-118.0,-961.0,100.0,6
4679,-35.0,-248.0,-11.0,75.0,170.0,-252.0,-135.0,-975.0,87.0,6
4680,-37.0,-251.0,-13.0,70.0,161.0,-263.0,-145.0,-976.0,75.0,6
4681,-38.0,-252.0,-18.0,64.0,155.0,-275.0,-149.0,-983.0,57.0,6
4682,-41.0,-255.0,-22.0,57.0,147.0,-283.0,-156.0,-994.0,36.0,6
4683,-42.0,-258.0,-31.0,43.0,137.0,-290.0,-166.0,-1007.0,10.0,6
4684,-47.0,-257.0,-37.0,21.0,125.0,-292.0,-176.0,-1013.0,-15.0,6
4685,-49.0,-264.0,-37.0,-9.0,110.0,-287.0,-180.0,-1023.0,-30.0,6
4686,-43.0,-268.0,-37.0,-50.0,92.0,-272.0,-173.0,-1057.0,-36.0,6
4687,-37.0,-283.0,-42.0,-95.0,66.0,-247.0,-154.0,-1083.0,-47.0,6
4688,-29.0,-292.0,-40.0,-149.0,40.0,-218.0,-124.0,-1127.0,-42.0,6
4689,-21.0,-301.0,-33.0,-197.0,19.0,-186.0,-95.0,-1162.0,-22.0,6
4690,-21.0,-305.0,-31.0,-226.0,3.0,-152.0,-78.0,-1179.0,-2.0,6
4691,-16.0,-307.0,-24.0,-222.0,-12.0,-120.0,-76.0,-1185.0,21.0,6
4692,-16.0,-305.0,-26.0,-191.0,-33.0,-85.0,-64.0,-1175.0,24.0,6
4693,-16.0,-300.0,-23.0,-139.0,-63.0,-56.0,-59.0,-1152.0,24.0,6
4694,-16.0,-287.0,-28.0,-83.0,-95.0,-26.0,-55.0,-1127.0,17.0,6
4695,-13.0,-280.0,-32.0,-39.0,-122.0,0.0,-52.0,-1095.0,2.0,6
4696,-14.0,-273.0,-36.0,-10.0,-142.0,22.0,-48.0,-1074.0,-15.0,6
4697,-15.0,-265.0,-44.0,1.0,-158.0,40.0,-53.0,-1044.0,-33.0,6
4698,-15.0,-261.0,-46.0,-10.0,-164.0,56.0,-47.0,-1027.0,-46.0,6
4699,-13.0,-262.0,-42.0,-33.0,-165.0,68.0,-48.0,-1011.0,-56.0,6
4700,-15.0,-256.0,-46.0,-69.0,-159.0,79.0,-53.0,-1005.0,-71.0,6
4701,-12.0,-257.0,-48.0,-110.0,-148.0,89.0,-48.0,-998.0,-68.0,6
4702,-7.0,-259.0,-51.0,-148.0,-136.0,99.0,-39.0,-1006.0,-70.0,6
4703,-5.0,-261.0,-48.0,-181.0,-117.0,109.0,-32.0,-1013.0,-67.0,6
4704,-5.0,-260.0,-47.0,-203.0,-98.0,118.0,-20.0,-1019.0,-57.0,6
4705,-2.0,-265.0,-42.0,-216.0,-75.0,123.0,-9.0,-1029.0,-50.0,6
4706,1.0,-267.0,-37.0,-224.0,-53.0,126.0,5.0,-1033.0,-32.0,6
4707,3.0,-270.0,-36.0,-224.0,-32.0,128.0,7.0,-1049.0,-18.0,6
4708,5.0,-272.0,-34.0,-218.0,-12.0,130.0,18.0,-1055.0,-14.0,6
4709,7.0,-273.0,-35.0,-207.0,5.0,133.0,27.0,-1063.0,-11.0,6
4710,8.0,-274.0,-33.0,-198.0,20.0,138.0,33.0,-1061.0,-26.0,6
